Month,Year,Region,Season,Dengue_Cases,Flu_Cases,Typhoid
Jan,2008,Region.I,1,2.953926,12.02569376,7.790602679
Feb,2008,Region.I,1,2.183336,10.19841626,14.80513852
Mar,2008,Region.I,2,0.97241,19.87825973,10.73096492
Apr,2008,Region.I,2,9.357156,3.214161846,7.525468138
May,2008,Region.I,2,7.320599,10.28159321,9.416072792
Jun,2008,Region.I,2,4.513452,14.12205022,8.868044297
Jul,2008,Region.I,0,6.82522,10.64613542,9.289846733
Aug,2008,Region.I,0,9.210377,15.74902509,7.078733622
Sep,2008,Region.I,0,13.301839,12.70979335,11.69339019
Oct,2008,Region.I,0,1.724652,10.98175494,8.714155611
Nov,2008,Region.I,1,1.32101,10.42519381,10.07910166
Dec,2008,Region.I,1,1.0458,4.830934226,9.783204284
Jan,2009,Region.I,1,5.23598,18.98547641,14.85861062
Feb,2009,Region.I,1,3.719351,8.929950807,12.71164814
Mar,2009,Region.I,2,2.473549,4.512251803,8.814440091
Apr,2009,Region.I,2,3.051313,17.54776845,10.78434584
May,2009,Region.I,2,4.658217,4.418354124,13.7054308
Jun,2009,Region.I,2,6.644278,9.827633469,13.61652898
Jul,2009,Region.I,0,1.263857,8.368349081,13.75359994
Aug,2009,Region.I,0,1.516629,11.75340227,8.6441413
Sep,2009,Region.I,0,0.902755,18.35960452,11.22148055
Oct,2009,Region.I,0,4.333225,16.76979823,8.834309284
Nov,2009,Region.I,1,3.159643,11.14517974,10.78676106
Dec,2009,Region.I,1,2.166613,19.72684287,7.784194236
Jan,2010,Region.I,1,1.97192,18.30333224,12.35140995
Feb,2010,Region.I,1,3.197708,12.53650323,9.681727075
Mar,2010,Region.I,2,5.276218,13.06235501,11.04020639
Apr,2010,Region.I,2,0.657307,19.39605567,11.13063816
May,2010,Region.I,2,0.728367,11.11076433,12.85403699
Jun,2010,Region.I,2,0.604011,19.42648218,9.544714674
Jul,2010,Region.I,0,4.796562,5.147602925,10.13542648
Aug,2010,Region.I,0,3.286533,15.11311377,11.3898486
Sep,2010,Region.I,0,2.700287,9.897679921,9.802229656
Oct,2010,Region.I,0,1.954155,14.93850361,11.55009374
Nov,2010,Region.I,1,3.712894,8.484018992,13.19598351
Dec,2010,Region.I,1,4.672207,19.6004368,13.01398045
Jan,2011,Region.I,1,1.817482,5.510698805,11.60405018
Feb,2011,Region.I,1,2.149523,9.71109881,11.57166347
Mar,2011,Region.I,2,0.699032,3.316539405,12.62905843
Apr,2011,Region.I,2,5.40002,12.09254181,10.43665015
May,2011,Region.I,2,5.854391,4.918624631,11.94111262
Jun,2011,Region.I,2,3.914578,13.17666964,11.26195419
Jul,2011,Region.I,0,3.582538,16.32294589,7.803660157
Aug,2011,Region.I,0,5.819439,3.843451243,12.33907481
Sep,2011,Region.I,0,3.634965,18.89068318,14.91808312
Oct,2011,Region.I,0,3.827199,8.801702691,12.0622822
Nov,2011,Region.I,1,5.225262,9.661751238,7.492601224
Dec,2011,Region.I,1,1.800007,19.83784353,12.93125853
Jan,2012,Region.I,1,17.086037,4.963148456,13.74619076
Feb,2012,Region.I,1,15.006147,5.176935708,8.501835865
Mar,2012,Region.I,2,19.423764,18.69311767,13.02167766
Apr,2012,Region.I,2,5.792751,11.82481309,11.47773847
May,2012,Region.I,2,16.879767,18.72188871,10.60642591
Jun,2012,Region.I,2,7.013182,8.873214095,12.94364149
Jul,2012,Region.I,0,9.505612,19.24376213,13.37410916
Aug,2012,Region.I,0,12.616852,9.571012694,14.26069935
Sep,2012,Region.I,0,12.101177,14.65510507,14.68945482
Oct,2012,Region.I,0,54.695944,11.30660184,9.233144188
Nov,2012,Region.I,1,43.437037,7.566762364,10.75187676
Dec,2012,Region.I,1,61.932585,16.25368657,11.99320818
Jan,2013,Region.I,1,16.873577,8.89829789,11.49952828
Feb,2013,Region.I,1,36.012743,4.215465747,9.573273053
Mar,2013,Region.I,2,21.184961,4.827042017,7.463470552
Apr,2013,Region.I,2,15.284282,11.36459935,8.541308658
May,2013,Region.I,2,9.33288,11.29714841,12.41730999
Jun,2013,Region.I,2,27.592863,10.61661825,14.02861443
Jul,2013,Region.I,0,83.505606,17.6255338,12.9873917
Aug,2013,Region.I,0,35.539336,13.22664621,11.75448627
Sep,2013,Region.I,0,76.658112,3.297386652,9.501064229
Oct,2013,Region.I,0,23.771792,10.16031465,10.11646825
Nov,2013,Region.I,1,71.856413,15.83066087,7.676068546
Dec,2013,Region.I,1,29.587935,9.418026719,10.97911206
Jan,2014,Region.I,1,8.898958,11.99807352,10.94544067
Feb,2014,Region.I,1,5.173039,7.790075036,8.081101645
Mar,2014,Region.I,2,28.792703,8.303336187,8.561175271
Apr,2014,Region.I,2,33.16733,10.22299738,14.7326998
May,2014,Region.I,2,20.209783,18.83617277,14.85039094
Jun,2014,Region.I,2,47.605266,11.90112332,8.887508359
Jul,2014,Region.I,0,18.56306,13.98092404,10.2305322
Aug,2014,Region.I,0,59.348563,16.89928138,11.0729355
Sep,2014,Region.I,0,24.268373,11.68941934,10.76080979
Oct,2014,Region.I,0,5.22294,4.473026034,9.7516416
Nov,2014,Region.I,1,4.025323,13.98908104,13.83391699
Dec,2014,Region.I,1,10.745284,14.07927758,11.72665162
Jan,2015,Region.I,1,13.865062,3.788383836,8.261728825
Feb,2015,Region.I,1,13.53767,5.969975653,14.43556797
Mar,2015,Region.I,2,31.429657,14.61409872,14.58808185
Apr,2015,Region.I,2,13.455822,17.16345513,11.70525486
May,2015,Region.I,2,40.547531,8.472825808,8.054950201
Jun,2015,Region.I,2,13.324865,16.38588609,7.820051494
Jul,2015,Region.I,0,3.765011,11.37216104,8.069664795
Aug,2015,Region.I,0,1.735179,4.140340792,12.24887354
Sep,2015,Region.I,0,4.878145,10.45266097,9.195996585
Oct,2015,Region.I,0,7.660979,19.69748315,12.75426247
Nov,2015,Region.I,1,7.972001,8.061742738,13.71702504
Dec,2015,Region.I,1,18.415814,4.743090964,13.64398453
Jan,2016,Region.I,1,13.504792,8.005325368,10.54878982
Feb,2016,Region.I,1,27.912051,18.47977272,7.903531756
Mar,2016,Region.I,2,9.073028,4.161328125,13.55546811
Apr,2016,Region.I,2,2.481787,11.88696823,9.276945233
May,2016,Region.I,2,1.772705,11.76784561,12.55252818
Jun,2016,Region.I,2,3.738797,8.511513792,14.61228643
Jul,2016,Region.I,0,5.575964,13.70801232,7.102043406
Aug,2016,Region.I,0,4.641265,10.85846546,8.532395217
Sep,2016,Region.I,0,8.235022,19.85079731,14.66307135
Oct,2016,Region.I,0,8.073867,13.98304754,11.44211079
Nov,2016,Region.I,1,15.857655,18.02729616,8.352820919
Dec,2016,Region.I,1,3.593757,11.35369729,8.232166982
Jan,2008,Region.II,1,3.232928,15.30170368,10.68408885
Feb,2008,Region.II,1,2.297784,14.2491435,7.601817812
Mar,2008,Region.II,2,5.423838,19.66470606,10.61010576
Apr,2008,Region.II,2,13.733265,16.50209944,12.26149318
May,2008,Region.II,2,13.572955,8.270755388,9.306269473
Jun,2008,Region.II,2,16.164641,7.344438251,14.12047124
Jul,2008,Region.II,0,9.324727,13.49240509,12.14620637
Aug,2008,Region.II,0,11.408763,15.02550874,10.44277368
Sep,2008,Region.II,0,18.115085,10.84536229,14.51880377
Oct,2008,Region.II,0,2.271065,16.24362648,7.095532226
Nov,2008,Region.II,1,1.629823,14.0756036,11.30124866
Dec,2008,Region.II,1,2.351221,15.79177882,12.32650467
Jan,2009,Region.II,1,6.231395,19.1875003,9.210555868
Feb,2009,Region.II,1,7.493449,19.53681221,7.799447832
Mar,2009,Region.II,2,10.753757,18.61745106,9.799691168
Apr,2009,Region.II,2,4.075385,4.80672936,14.56126024
May,2009,Region.II,2,7.493449,16.22811069,10.47028725
Jun,2009,Region.II,2,10.701171,3.386277867,9.039566024
Jul,2009,Region.II,0,1.130591,13.45860262,7.362092074
Aug,2009,Region.II,0,1.919375,8.06170882,8.303743989
Sep,2009,Region.II,0,1.998253,16.98963318,12.05241425
Oct,2009,Region.II,0,6.073638,14.73166867,10.79129419
Nov,2009,Region.II,1,5.758124,9.534120604,14.89659955
Dec,2009,Region.II,1,9.570581,19.37230568,8.807387639
Jan,2010,Region.II,1,2.483559,10.73349823,13.53689771
Feb,2010,Region.II,1,6.053674,7.818160247,14.05766127
Mar,2010,Region.II,2,5.74323,15.71014734,13.38544578
Apr,2010,Region.II,2,1.397002,7.844150539,12.50958896
May,2010,Region.II,2,1.526354,8.191404101,12.77320871
Jun,2010,Region.II,2,1.552224,5.776529807,13.33547841
Jul,2010,Region.II,0,7.217843,14.15397015,10.39519072
Aug,2010,Region.II,0,4.294487,8.990145844,9.851777969
Sep,2010,Region.II,0,12.288442,14.52244572,7.045157133
Oct,2010,Region.II,0,2.017891,16.78525304,11.73732248
Nov,2010,Region.II,1,5.458655,13.78104323,10.33061274
Dec,2010,Region.II,1,3.88056,5.234315324,11.85653259
Jan,2011,Region.II,1,0.814374,8.444788925,11.00927677
Feb,2011,Region.II,1,3.74103,11.45569838,10.36192792
Mar,2011,Region.II,2,1.88324,10.51688143,7.831068216
Apr,2011,Region.II,2,12.368304,18.67909009,10.06595031
May,2011,Region.II,2,5.344329,17.35649983,7.429139329
Jun,2011,Region.II,2,20.91923,9.733057095,14.9615565
Jul,2011,Region.II,0,2.112282,13.79354452,10.17648281
Aug,2011,Region.II,0,11.935668,19.68639824,13.47839916
Sep,2011,Region.II,0,2.49402,10.10545802,11.82669422
Oct,2011,Region.II,0,2.061384,13.14906475,14.31849843
Nov,2011,Region.II,1,7.507509,7.122324665,14.7882478
Dec,2011,Region.II,1,3.232046,4.256099368,8.447412185
Jan,2012,Region.II,1,24.506129,5.1378942,8.099829094
Feb,2012,Region.II,1,16.145509,18.07409532,14.44825427
Mar,2012,Region.II,2,57.648228,15.26395207,12.75266274
Apr,2012,Region.II,2,4.380564,18.94431809,14.03182419
May,2012,Region.II,2,30.363569,12.53173314,8.15087887
Jun,2012,Region.II,2,3.804833,5.979773977,13.59786401
Jul,2012,Region.II,0,3.929992,16.51599483,10.6125978
Aug,2012,Region.II,0,12.11539,6.762486662,7.784037016
Sep,2012,Region.II,0,16.821367,14.99001862,11.40180504
Oct,2012,Region.II,0,35.745406,12.72890443,7.186167309
Nov,2012,Region.II,1,35.520119,18.93965186,13.36701376
Dec,2012,Region.II,1,78.599841,11.77722195,9.294584736
Jan,2013,Region.II,1,7.435678,14.18181989,14.18063148
Feb,2013,Region.II,1,57.712682,9.753390773,9.694256995
Mar,2013,Region.II,2,9.036073,10.9176742,13.02534874
Apr,2013,Region.II,2,4.333375,5.015314884,11.96352115
May,2013,Region.II,2,9.553123,7.888097219,14.68559994
Jun,2013,Region.II,2,36.858313,8.128986348,10.97402773
Jul,2013,Region.II,0,43.309133,17.37040754,12.41835842
Aug,2013,Region.II,0,42.398139,9.936983084,10.76151223
Sep,2013,Region.II,0,72.928739,17.32114448,13.59175171
Oct,2013,Region.II,0,13.664905,13.08416434,7.526354762
Nov,2013,Region.II,1,85.855001,8.688621546,10.62483544
Dec,2013,Region.II,1,21.346798,4.498581708,13.87764071
Jan,2014,Region.II,1,3.851407,10.60401477,11.33589508
Feb,2014,Region.II,1,6.176785,14.83830947,9.677304682
Mar,2014,Region.II,2,43.89151,19.55174683,7.085162801
Apr,2014,Region.II,2,34.78378,19.2478192,12.7586239
May,2014,Region.II,2,25.361154,8.248397194,11.9623074
Jun,2014,Region.II,2,56.0513,6.151323267,8.237201874
Jul,2014,Region.II,0,14.703172,10.32329768,13.19499067
Aug,2014,Region.II,0,55.009724,14.47214931,9.556176115
Sep,2014,Region.II,0,11.869117,7.287734456,9.057847687
Oct,2014,Region.II,0,3.681849,19.04540475,12.47013429
Nov,2014,Region.II,1,4.77187,14.14533563,7.046395064
Dec,2014,Region.II,1,20.27439,12.20322445,12.59455448
Jan,2015,Region.II,1,24.076689,5.550319595,11.74863404
Feb,2015,Region.II,1,19.404381,14.2657166,9.347729503
Mar,2015,Region.II,2,36.901697,12.58164872,13.32262914
Apr,2015,Region.II,2,14.016924,15.92371072,8.850272072
May,2015,Region.II,2,44.100866,9.626226983,11.07637975
Jun,2015,Region.II,2,6.007253,18.9888468,12.15747263
Jul,2015,Region.II,0,2.979788,19.22280661,13.71869651
Aug,2015,Region.II,0,3.027465,15.90678348,9.266139342
Sep,2015,Region.II,0,10.369663,5.709152678,14.28277158
Oct,2015,Region.II,0,21.192254,9.684851376,10.52492104
Nov,2015,Region.II,1,15.280354,4.783301909,10.70324
Dec,2015,Region.II,1,16.114695,8.383040886,10.37916801
Jan,2016,Region.II,1,12.133091,7.710833226,12.79285131
Feb,2016,Region.II,1,22.177507,9.063898493,10.13394431
Mar,2016,Region.II,2,4.036541,11.88980242,13.64983927
Apr,2016,Region.II,2,0.586707,6.202257108,12.69217312
May,2016,Region.II,2,1.267286,7.908104875,13.17215331
Jun,2016,Region.II,2,5.256891,15.74312755,14.84117902
Jul,2016,Region.II,0,9.974011,18.93733583,10.01786612
Aug,2016,Region.II,0,4.928335,7.253099128,14.34846478
Sep,2016,Region.II,0,7.69759,15.36982221,13.34126407
Oct,2016,Region.II,0,8.190423,3.035069282,11.88772105
Nov,2016,Region.II,1,2.792723,8.832270658,9.946307251
Dec,2016,Region.II,1,1.149945,12.21433518,8.221324932
Jan,2008,Region.III,1,5.836376,18.16386178,9.81770528
Feb,2008,Region.III,1,2.581158,4.516759716,12.1988264
Mar,2008,Region.III,2,2.811325,13.3392566,8.432166888
Apr,2008,Region.III,2,16.054144,5.988366272,9.034101459
May,2008,Region.III,2,20.599942,19.84382011,8.189797908
Jun,2008,Region.III,2,7.759914,17.4030762,13.17984448
Jul,2008,Region.III,0,12.478337,12.80499583,10.42175758
Aug,2008,Region.III,0,10.521918,3.774594378,10.52175993
Sep,2008,Region.III,0,17.640652,11.38439104,14.46867733
Oct,2008,Region.III,0,3.96216,13.70207658,9.115537917
Nov,2008,Region.III,1,0.830245,9.462188075,11.91530234
Dec,2008,Region.III,1,1.578288,10.38749778,8.073128704
Jan,2009,Region.III,1,9.529202,5.519243312,14.55200585
Feb,2009,Region.III,1,12.295744,18.92418197,8.070017196
Mar,2009,Region.III,2,5.70296,4.991566957,14.85628197
Apr,2009,Region.III,2,4.238796,18.85235444,11.39060044
May,2009,Region.III,2,8.129752,7.98328193,10.35619254
Jun,2009,Region.III,2,14.180552,13.23276752,7.196664971
Jul,2009,Region.III,0,2.224559,12.26395921,8.349008135
Aug,2009,Region.III,0,0.444912,9.20961415,12.947639
Sep,2009,Region.III,0,1.04352,3.594308609,8.647123258
Oct,2009,Region.III,0,7.037696,6.809591499,7.876534254
Nov,2009,Region.III,1,8.137841,7.694474967,10.72617125
Dec,2009,Region.III,1,3.858599,12.89088484,9.285150527
Jan,2010,Region.III,1,2.284333,8.336264471,8.322643063
Feb,2010,Region.III,1,5.85808,15.55759528,8.395115645
Mar,2010,Region.III,2,7.298722,6.128241991,14.07180305
Apr,2010,Region.III,2,1.727179,9.742223922,11.85261374
May,2010,Region.III,2,0.596951,11.25435601,10.29997571
Jun,2010,Region.III,2,0.85961,18.5709154,10.65392563
Jul,2010,Region.III,0,4.218454,12.7100802,8.604336727
Aug,2010,Region.III,0,5.332763,10.47776958,11.7441357
Sep,2010,Region.III,0,3.072308,9.268067381,7.602429097
Oct,2010,Region.III,0,1.520235,3.896214427,9.629614113
Nov,2010,Region.III,1,4.130902,9.038859926,12.86969364
Dec,2010,Region.III,1,4.250292,6.04629246,9.240709899
Jan,2011,Region.III,1,1.941779,5.007115064,10.97187808
Feb,2011,Region.III,1,0.939571,15.67148397,14.75609344
Mar,2011,Region.III,2,0.767316,5.348927075,7.557848849
Apr,2011,Region.III,2,3.609517,3.939973117,14.82391355
May,2011,Region.III,2,5.40253,16.33718299,7.554616746
Jun,2011,Region.III,2,3.648665,14.17005765,13.13752952
Jul,2011,Region.III,0,1.518972,5.661191765,8.240879038
Aug,2011,Region.III,0,3.664325,9.190745953,11.72068704
Sep,2011,Region.III,0,2.341097,19.35534864,14.08239563
Oct,2011,Region.III,0,5.488658,9.789585695,12.60898774
Nov,2011,Region.III,1,2.505521,7.042187248,14.23866691
Dec,2011,Region.III,1,1.315399,10.71909747,12.10000546
Jan,2012,Region.III,1,8.240433,18.89149549,11.43077754
Feb,2012,Region.III,1,12.99986,14.37311524,13.29715026
Mar,2012,Region.III,2,9.71909,9.155999435,13.25139603
Apr,2012,Region.III,2,2.849495,14.3312813,13.78736016
May,2012,Region.III,2,6.315098,17.04859739,13.01481389
Jun,2012,Region.III,2,3.519512,4.950321654,7.883296303
Jul,2012,Region.III,0,9.557362,14.66451453,10.47434495
Aug,2012,Region.III,0,2.926509,19.0981815,13.18442411
Sep,2012,Region.III,0,6.715568,14.02712081,7.5502834
Oct,2012,Region.III,0,26.153747,4.428088554,10.81399219
Nov,2012,Region.III,1,37.605638,19.19932329,12.93342161
Dec,2012,Region.III,1,21.894907,12.55748972,13.62324252
Jan,2013,Region.III,1,6.090374,16.24912126,10.9625731
Feb,2013,Region.III,1,22.952528,5.29892882,13.99548118
Mar,2013,Region.III,2,12.248924,17.10009738,9.471693943
Apr,2013,Region.III,2,9.082535,12.14258518,14.86406308
May,2013,Region.III,2,3.007311,14.58611258,8.748431284
Jun,2013,Region.III,2,18.793803,6.518241877,11.22976486
Jul,2013,Region.III,0,56.707138,15.13535123,12.89630425
Aug,2013,Region.III,0,39.18595,17.0251478,7.117532103
Sep,2013,Region.III,0,23.10403,9.783277458,8.42872739
Oct,2013,Region.III,0,12.604953,4.869169667,12.09585211
Nov,2013,Region.III,1,44.829394,3.305591468,10.29099034
Dec,2013,Region.III,1,25.11143,10.04615932,11.85712684
Jan,2014,Region.III,1,6.491048,7.965395847,11.98048295
Feb,2014,Region.III,1,2.585986,17.38524041,9.763300471
Mar,2014,Region.III,2,19.137785,14.51871127,14.67014687
Apr,2014,Region.III,2,35.287154,7.653734175,8.94469499
May,2014,Region.III,2,27.670792,14.05157461,11.24887782
Jun,2014,Region.III,2,24.466257,14.98479253,14.29885366
Jul,2014,Region.III,0,16.194083,11.57400723,14.09828343
Aug,2014,Region.III,0,51.734619,19.80630167,8.502784947
Sep,2014,Region.III,0,24.898496,7.368390134,12.08906669
Oct,2014,Region.III,0,4.501255,6.615850148,10.61109745
Nov,2014,Region.III,1,2.399675,11.87149248,12.41345232
Dec,2014,Region.III,1,9.785012,11.10114571,8.073880774
Jan,2015,Region.III,1,17.330592,12.66982089,7.867838014
Feb,2015,Region.III,1,22.053783,12.87127379,7.238881826
Mar,2015,Region.III,2,19.772863,16.02415546,14.28739164
Apr,2015,Region.III,2,18.408711,3.802270292,11.9991055
May,2015,Region.III,2,54.199353,17.17280998,9.275411371
Jun,2015,Region.III,2,19.934214,5.16362954,14.11337777
Jul,2015,Region.III,0,2.207579,6.841822965,14.61651445
Aug,2015,Region.III,0,2.398266,13.50763874,7.363724635
Sep,2015,Region.III,0,9.160351,17.0956106,7.026416542
Oct,2015,Region.III,0,10.898544,11.41169844,7.082232359
Nov,2015,Region.III,1,16.626513,18.63609838,8.321149998
Dec,2015,Region.III,1,18.284031,7.457556957,8.350035877
Jan,2016,Region.III,1,19.891922,19.01160068,11.78513852
Feb,2016,Region.III,1,41.690003,3.968801681,11.46732746
Mar,2016,Region.III,2,16.657229,4.48150965,12.35491909
Apr,2016,Region.III,2,2.231072,15.418043,11.63245296
May,2016,Region.III,2,1.256332,17.11624751,12.33935125
Jun,2016,Region.III,2,8.592155,3.584382978,14.17334153
Jul,2016,Region.III,0,9.747403,16.52776831,12.5743138
Aug,2016,Region.III,0,8.931509,6.042747198,8.15743997
Sep,2016,Region.III,0,14.5128,12.17380542,8.582102342
Oct,2016,Region.III,0,10.693262,12.14032216,7.23128494
Nov,2016,Region.III,1,22.852245,7.405789897,9.94056112
Dec,2016,Region.III,1,14.317852,9.692732244,12.12283004
Jan,2008,Region.IV.A,1,5.815181,19.58219313,12.92780602
Feb,2008,Region.IV.A,1,2.155903,10.84796218,8.915394413
Mar,2008,Region.IV.A,2,5.07309,14.4740472,8.483222214
Apr,2008,Region.IV.A,2,12.302083,19.5366188,7.167427921
May,2008,Region.IV.A,2,8.885904,9.874129822,10.02936152
Jun,2008,Region.IV.A,2,10.293319,3.63120676,12.81094085
Jul,2008,Region.IV.A,0,8.163005,4.546521524,11.90038476
Aug,2008,Region.IV.A,0,12.353262,18.78235448,9.23383704
Sep,2008,Region.IV.A,0,19.652626,4.240422736,12.27819499
Oct,2008,Region.IV.A,0,3.339411,19.23162315,9.622322192
Nov,2008,Region.IV.A,1,2.040751,17.92255367,11.07856347
Dec,2008,Region.IV.A,1,3.428974,6.745266165,11.98868768
Jan,2009,Region.IV.A,1,6.817955,11.55674136,11.88419321
Feb,2009,Region.IV.A,1,6.723524,19.43885725,8.989473837
Mar,2009,Region.IV.A,2,7.711907,10.36715746,11.53724267
Apr,2009,Region.IV.A,2,3.519148,15.35951583,7.812536644
May,2009,Region.IV.A,2,8.933221,13.76541194,7.173127387
Jun,2009,Region.IV.A,2,13.088208,16.71868465,12.94042834
Jul,2009,Region.IV.A,0,2.215993,8.621173802,10.2419457
Aug,2009,Region.IV.A,0,2.052312,17.80170496,13.36586218
Sep,2009,Region.IV.A,0,3.04699,15.02618204,7.174413782
Oct,2009,Region.IV.A,0,4.847484,14.51890104,11.30641212
Nov,2009,Region.IV.A,1,5.5148,16.75816306,8.426785448
Dec,2009,Region.IV.A,1,5.835867,14.79200056,11.22784179
Jan,2010,Region.IV.A,1,2.434358,9.040500591,12.67746841
Feb,2010,Region.IV.A,1,5.915553,8.006816784,12.10703587
Mar,2010,Region.IV.A,2,8.70918,8.989391134,9.349197605
Apr,2010,Region.IV.A,2,1.375134,18.0412483,7.767029107
May,2010,Region.IV.A,2,1.573351,17.98046089,10.1350096
Jun,2010,Region.IV.A,2,2.050312,5.056149232,12.92428126
Jul,2010,Region.IV.A,0,2.620187,19.2030242,12.07209266
Aug,2010,Region.IV.A,0,4.874911,7.053929244,9.466359142
Sep,2010,Region.IV.A,0,5.45098,5.353138783,7.796987739
Oct,2010,Region.IV.A,0,1.548574,15.42755038,11.0129196
Nov,2010,Region.IV.A,1,3.846658,4.848432445,10.056104
Dec,2010,Region.IV.A,1,5.14746,9.833191925,9.944472805
Jan,2011,Region.IV.A,1,0.95667,5.263672118,12.9948339
Feb,2011,Region.IV.A,1,1.596481,12.14778769,7.266041178
Mar,2011,Region.IV.A,2,3.308738,16.88978794,8.336132436
Apr,2011,Region.IV.A,2,2.157078,19.1818673,9.175408738
May,2011,Region.IV.A,2,6.62357,7.384289281,9.533421473
Jun,2011,Region.IV.A,2,6.763719,11.06633819,9.376765598
Jul,2011,Region.IV.A,0,1.730537,10.56774264,11.69194195
Aug,2011,Region.IV.A,0,3.448887,15.12784739,11.24434227
Sep,2011,Region.IV.A,0,3.863241,3.63918923,11.64962232
Oct,2011,Region.IV.A,0,1.578201,11.0624595,7.071031438
Nov,2011,Region.IV.A,1,5.008808,15.57924327,14.97961119
Dec,2011,Region.IV.A,1,4.308062,14.74303619,7.941279867
Jan,2012,Region.IV.A,1,4.62099,19.04207942,13.43348209
Feb,2012,Region.IV.A,1,14.246555,10.30872816,9.963213569
Mar,2012,Region.IV.A,2,17.548975,12.29705876,8.230470941
Apr,2012,Region.IV.A,2,2.24157,15.6926447,13.18496537
May,2012,Region.IV.A,2,5.777736,14.92916434,11.46243372
Jun,2012,Region.IV.A,2,5.430113,17.82879329,9.909190437
Jul,2012,Region.IV.A,0,1.857986,15.44973473,9.509232361
Aug,2012,Region.IV.A,0,7.389989,17.82089643,13.55546739
Sep,2012,Region.IV.A,0,15.073659,8.144675587,14.18191615
Oct,2012,Region.IV.A,0,12.028959,15.27048323,7.090715817
Nov,2012,Region.IV.A,1,27.588092,15.35912832,13.55930087
Dec,2012,Region.IV.A,1,34.450652,7.334172851,14.97947795
Jan,2013,Region.IV.A,1,5.028649,16.28204786,8.016912241
Feb,2013,Region.IV.A,1,14.41389,4.439132204,7.865106829
Mar,2013,Region.IV.A,2,12.645314,11.65648879,10.62531757
Apr,2013,Region.IV.A,2,3.207017,14.35508483,12.9839881
May,2013,Region.IV.A,2,6.496567,13.29623974,10.08242486
Jun,2013,Region.IV.A,2,36.397282,13.28856901,13.00631602
Jul,2013,Region.IV.A,0,24.960494,9.196140223,10.76386892
Aug,2013,Region.IV.A,0,31.669291,12.42786556,13.86650179
Sep,2013,Region.IV.A,0,31.280204,16.08672166,14.58231366
Oct,2013,Region.IV.A,0,12.668895,17.82596153,9.430206152
Nov,2013,Region.IV.A,1,25.591286,11.60555898,14.69556583
Dec,2013,Region.IV.A,1,21.56483,7.747027401,8.919836766
Jan,2014,Region.IV.A,1,1.832729,14.6369818,9.869690033
Feb,2014,Region.IV.A,1,5.596782,16.21222896,10.80170418
Mar,2014,Region.IV.A,2,36.202192,3.257277304,14.64604898
Apr,2014,Region.IV.A,2,15.16641,16.83565618,12.98395592
May,2014,Region.IV.A,2,29.074269,18.75527466,12.43852979
Jun,2014,Region.IV.A,2,22.938108,16.04081961,8.330545657
Jul,2014,Region.IV.A,0,14.110851,10.41770255,8.933869597
Aug,2014,Region.IV.A,0,37.048959,6.246358431,8.431000507
Sep,2014,Region.IV.A,0,20.345609,5.450388084,8.896344443
Oct,2014,Region.IV.A,0,1.357147,12.85481047,8.178855746
Nov,2014,Region.IV.A,1,4.558623,10.40757709,12.12445197
Dec,2014,Region.IV.A,1,19.951224,11.80327716,14.34341527
Jan,2015,Region.IV.A,1,8.76138,13.14066468,8.028184791
Feb,2015,Region.IV.A,1,20.998772,18.5090668,10.8832658
Mar,2015,Region.IV.A,2,16.489658,15.57525565,11.19398906
Apr,2015,Region.IV.A,2,16.238518,14.15121019,14.9640149
May,2015,Region.IV.A,2,48.116241,9.642579275,12.74960253
Jun,2015,Region.IV.A,2,15.713406,7.737942501,14.87423065
Jul,2015,Region.IV.A,0,1.369857,18.66992903,7.219514681
Aug,2015,Region.IV.A,0,3.184918,6.146812738,14.77913933
Sep,2015,Region.IV.A,0,10.422332,19.21837161,13.70522092
Oct,2015,Region.IV.A,0,6.655224,15.55578012,14.83311757
Nov,2015,Region.IV.A,1,13.436018,17.4692713,8.701121334
Dec,2015,Region.IV.A,1,13.082138,10.28469254,10.0126642
Jan,2016,Region.IV.A,1,14.45242,11.84849731,14.94470543
Feb,2016,Region.IV.A,1,32.186415,4.801922401,7.158361544
Mar,2016,Region.IV.A,2,11.97438,10.02291281,11.06160458
Apr,2016,Region.IV.A,2,0.65182,15.57689594,13.74393936
May,2016,Region.IV.A,2,1.410403,18.19961239,13.32574107
Jun,2016,Region.IV.A,2,7.080112,13.87961133,14.5360183
Jul,2016,Region.IV.A,0,3.854728,5.122121706,12.21463935
Aug,2016,Region.IV.A,0,6.956491,8.585025,9.39776351
Sep,2016,Region.IV.A,0,7.585835,10.26110002,9.889353635
Oct,2016,Region.IV.A,0,6.310291,14.27800014,12.61531767
Nov,2016,Region.IV.A,1,12.614962,17.09898021,8.483498873
Dec,2016,Region.IV.A,1,8.237654,7.481827223,9.300786078
Jan,2008,Region.IV.B,1,1.213633,15.11837896,7.148250634
Feb,2008,Region.IV.B,1,0.24895,4.045553074,8.063374157
Mar,2008,Region.IV.B,2,1.213633,9.832567068,14.42575227
Apr,2008,Region.IV.B,2,3.454186,5.282551452,7.959189842
May,2008,Region.IV.B,2,2.427266,17.77505155,14.52107092
Jun,2008,Region.IV.B,2,7.592986,18.55094961,11.33674277
Jul,2008,Region.IV.B,0,7.904174,5.949385863,8.983383559
Aug,2008,Region.IV.B,0,3.329711,7.720411536,9.027392599
Sep,2008,Region.IV.B,0,6.97061,18.35107807,10.4828483
Oct,2008,Region.IV.B,0,1.089158,4.266972018,10.67651199
Nov,2008,Region.IV.B,1,0.093356,3.369783748,10.82236404
Dec,2008,Region.IV.B,1,1.306989,6.60685965,7.488191926
Jan,2009,Region.IV.B,1,3.491033,15.02373433,9.234207301
Feb,2009,Region.IV.B,1,1.653647,5.528095634,9.980976268
Mar,2009,Region.IV.B,2,7.502659,6.175970423,11.44053597
Apr,2009,Region.IV.B,2,5.573404,18.07128985,14.67118808
May,2009,Region.IV.B,2,3.85851,11.9334212,7.463608149
Jun,2009,Region.IV.B,2,6.43085,18.04439203,13.35413068
Jul,2009,Region.IV.B,0,0.367477,10.06746525,7.849389944
Aug,2009,Region.IV.B,0,0.183739,11.73171366,8.222655014
Sep,2009,Region.IV.B,0,1.194301,6.695279585,11.08093038
Oct,2009,Region.IV.B,0,1.68427,7.007105005,12.51324215
Nov,2009,Region.IV.B,1,2.051748,18.44819862,13.40605127
Dec,2009,Region.IV.B,1,6.216489,8.394154822,11.99307762
Jan,2010,Region.IV.B,1,2.741933,8.689796813,8.844014404
Feb,2010,Region.IV.B,1,3.495211,15.2829584,12.13464558
Mar,2010,Region.IV.B,2,7.562913,10.13861576,10.04686701
Apr,2010,Region.IV.B,2,0.180787,9.961137953,13.52167882
May,2010,Region.IV.B,2,0.120525,16.90277336,10.57386299
Jun,2010,Region.IV.B,2,0.994327,3.458639425,11.66631776
Jul,2010,Region.IV.B,0,1.386032,17.34729229,12.9491831
Aug,2010,Region.IV.B,0,1.898261,4.26970584,9.425503355
Sep,2010,Region.IV.B,0,4.308751,5.435898244,13.28676523
Oct,2010,Region.IV.B,0,2.922719,17.52043224,10.49939122
Nov,2010,Region.IV.B,1,2.048917,6.169484951,11.09774593
Dec,2010,Region.IV.B,1,5.935832,4.671941545,10.95771801
Jan,2011,Region.IV.B,1,0.889216,19.84830933,8.261428954
Feb,2011,Region.IV.B,1,0.296405,3.999965816,11.60454636
Mar,2011,Region.IV.B,2,1.570948,9.488127557,13.78352602
Apr,2011,Region.IV.B,2,1.185621,13.98726369,10.99477767
May,2011,Region.IV.B,2,2.104478,16.61870689,8.198257244
Jun,2011,Region.IV.B,2,10.848433,4.628443895,9.371016656
Jul,2011,Region.IV.B,0,3.764347,9.737004709,11.34513763
Aug,2011,Region.IV.B,0,3.290099,18.93567889,12.32758335
Sep,2011,Region.IV.B,0,5.157452,11.0496696,11.91667479
Oct,2011,Region.IV.B,0,0.800294,13.4751182,9.952306027
Nov,2011,Region.IV.B,1,0.53353,18.66124304,11.26170168
Dec,2011,Region.IV.B,1,2.934412,13.45497807,10.06541284
Jan,2012,Region.IV.B,1,3.323602,11.86723242,9.174976811
Feb,2012,Region.IV.B,1,4.63555,14.17205113,14.04646154
Mar,2012,Region.IV.B,2,28.046533,8.849488017,13.19567526
Apr,2012,Region.IV.B,2,4.664704,12.48001161,7.120306536
May,2012,Region.IV.B,2,7.696762,10.06826698,8.103171836
Jun,2012,Region.IV.B,2,8.892092,6.897928617,10.81380992
Jul,2012,Region.IV.B,0,1.253639,14.79144255,11.4586882
Aug,2012,Region.IV.B,0,0.874632,12.13855468,7.027732244
Sep,2012,Region.IV.B,0,10.524738,3.700861603,9.702393488
Oct,2012,Region.IV.B,0,10.233194,6.276700133,14.75159799
Nov,2012,Region.IV.B,1,8.979555,19.29886539,12.29399916
Dec,2012,Region.IV.B,1,34.314729,6.877000159,7.237102174
Jan,2013,Region.IV.B,1,7.169119,15.58053021,10.4958572
Feb,2013,Region.IV.B,1,17.320591,5.948816404,14.30598693
Mar,2013,Region.IV.B,2,19.729415,13.15447135,13.78722788
Apr,2013,Region.IV.B,2,0.745588,12.93647734,11.98637908
May,2013,Region.IV.B,2,0.630882,15.82378746,13.28878429
Jun,2013,Region.IV.B,2,29.536769,15.55922036,9.702155527
Jul,2013,Region.IV.B,0,9.778678,14.13273319,9.942218907
Aug,2013,Region.IV.B,0,11.585296,7.755946461,7.051282765
Sep,2013,Region.IV.B,0,25.579415,11.68872744,12.46943169
Oct,2013,Region.IV.B,0,14.166178,14.95614484,10.248713
Nov,2013,Region.IV.B,1,21.134562,15.18944866,9.904825682
Dec,2013,Region.IV.B,1,24.977209,6.449840474,9.457437579
Jan,2014,Region.IV.B,1,0.677089,12.821869,13.48512254
Feb,2014,Region.IV.B,1,1.10027,7.625601865,7.015404749
Mar,2014,Region.IV.B,2,10.269182,7.167518887,13.96199735
Apr,2014,Region.IV.B,2,6.319497,10.35196302,7.557042662
May,2014,Region.IV.B,2,11.820845,3.79610437,14.16568947
Jun,2014,Region.IV.B,2,13.541779,4.467431124,14.78634483
Jul,2014,Region.IV.B,0,8.463612,6.855369346,12.20525628
Aug,2014,Region.IV.B,0,20.566577,3.248660847,7.741009459
Sep,2014,Region.IV.B,0,13.118598,7.062125387,12.85578968
Oct,2014,Region.IV.B,0,0.28212,19.32138958,10.15326136
Nov,2014,Region.IV.B,1,0.366757,12.4644981,12.20895677
Dec,2014,Region.IV.B,1,3.0469,7.07686778,11.92701681
Jan,2015,Region.IV.B,1,2.915257,10.58995262,7.344796103
Feb,2015,Region.IV.B,1,9.384351,18.77317229,14.10723138
Mar,2015,Region.IV.B,2,5.9971,6.431703474,14.41345036
Apr,2015,Region.IV.B,2,7.662961,11.50562374,7.691955747
May,2015,Region.IV.B,2,11.438912,8.248511046,14.54831093
Jun,2015,Region.IV.B,2,8.495891,17.37242939,7.953748064
Jul,2015,Region.IV.B,0,0.388701,10.48809223,10.36604191
Aug,2015,Region.IV.B,0,0.388701,17.37398998,7.328854369
Sep,2015,Region.IV.B,0,1.360453,5.230523517,11.19137965
Oct,2015,Region.IV.B,0,1.749154,7.871572551,8.319490451
Nov,2015,Region.IV.B,1,7.440846,17.0682825,11.4516556
Dec,2015,Region.IV.B,1,3.692659,4.672902909,7.225787877
Jan,2016,Region.IV.B,1,6.478006,9.064237269,14.99065205
Feb,2016,Region.IV.B,1,6.204673,18.06028631,7.223375091
Mar,2016,Region.IV.B,2,6.314006,7.091046507,12.05136606
Apr,2016,Region.IV.B,2,0.191334,11.7317659,10.01421765
May,2016,Region.IV.B,2,0.109333,17.14870045,10.59675922
Jun,2016,Region.IV.B,2,0.683334,4.386947054,9.904405429
Jul,2016,Region.IV.B,0,0.437334,13.99684445,8.015392307
Aug,2016,Region.IV.B,0,3.198003,15.28657612,7.917133566
Sep,2016,Region.IV.B,0,1.284668,5.6982669,8.374638087
Oct,2016,Region.IV.B,0,3.362003,9.485442168,9.632768141
Nov,2016,Region.IV.B,1,3.58067,11.05798586,7.490649545
Dec,2016,Region.IV.B,1,4.045337,19.49685646,11.67504967
Jan,2008,Region.V,1,3.404328,3.23228893,7.485136011
Feb,2008,Region.V,1,1.498921,8.247871781,12.70764829
Mar,2008,Region.V,2,2.845408,12.77113816,11.76124635
Apr,2008,Region.V,2,3.074057,10.27360723,13.79983714
May,2008,Region.V,2,4.268113,8.804501843,9.209634937
Jun,2008,Region.V,2,6.554602,10.64408724,8.584746888
Jul,2008,Region.V,0,2.311894,4.794915339,11.37347548
Aug,2008,Region.V,0,3.048652,19.4102309,8.405288956
Sep,2008,Region.V,0,6.122709,16.68501645,10.13664436
Oct,2008,Region.V,0,2.972436,8.406186054,10.36933151
Nov,2008,Region.V,1,1.422704,5.52068818,13.7566268
Dec,2008,Region.V,1,2.261084,12.42257958,11.53500155
Jan,2009,Region.V,1,1.950058,19.13025976,10.86749724
Feb,2009,Region.V,1,2.950087,12.51405847,10.97489721
Mar,2009,Region.V,2,4.975147,14.70095399,9.395671567
Apr,2009,Region.V,2,1.300038,6.245532079,14.30043778
May,2009,Region.V,2,2.175064,7.026702758,14.91079435
Jun,2009,Region.V,2,4.050119,15.54851604,13.13630464
Jul,2009,Region.V,0,1.200035,8.093102995,10.15780041
Aug,2009,Region.V,0,1.050031,18.63097398,11.88826733
Sep,2009,Region.V,0,1.800053,6.265410741,9.959220744
Oct,2009,Region.V,0,1.02503,15.6128152,11.82337152
Nov,2009,Region.V,1,4.150122,3.668368543,12.8085229
Dec,2009,Region.V,1,4.650137,8.548146993,8.770400305
Jan,2010,Region.V,1,0.983964,12.40824079,8.579241921
Feb,2010,Region.V,1,1.475946,15.87416922,7.896683884
Mar,2010,Region.V,2,3.099486,3.788721797,11.90793615
Apr,2010,Region.V,2,1.598941,14.6045611,11.63522988
May,2010,Region.V,2,0.762572,3.238227635,9.236815288
Jun,2010,Region.V,2,1.402148,18.02163532,12.08763894
Jul,2010,Region.V,0,1.106959,17.25352832,12.1817328
Aug,2010,Region.V,0,3.247081,8.632529127,10.28475709
Sep,2010,Region.V,0,2.509108,16.73863172,14.225081
Oct,2010,Region.V,0,1.279153,13.30006072,9.572026663
Nov,2010,Region.V,1,1.106959,7.868284646,12.30140795
Dec,2010,Region.V,1,2.533707,13.2515908,12.09537638
Jan,2011,Region.V,1,0.895347,15.53006095,11.48189388
Feb,2011,Region.V,1,2.323063,10.63796215,7.19695318
Mar,2011,Region.V,2,2.20207,17.43594881,13.48500548
Apr,2011,Region.V,2,1.548709,3.556826516,7.691114994
May,2011,Region.V,2,6.340026,12.77014751,14.11806733
Jun,2011,Region.V,2,3.968566,17.10048348,13.49212966
Jul,2011,Region.V,0,1.572907,19.5068678,9.135457339
Aug,2011,Region.V,0,1.621304,14.4747095,7.642411144
Sep,2011,Region.V,0,2.081077,18.56621557,12.03564965
Oct,2011,Region.V,0,0.895347,9.639809259,12.37615835
Nov,2011,Region.V,1,3.436197,11.87619991,10.84142243
Dec,2011,Region.V,1,3.702382,4.87473855,8.228100684
Jan,2012,Region.V,1,2.713393,13.09294179,13.58971193
Feb,2012,Region.V,1,11.020183,6.189934298,11.0161988
Mar,2012,Region.V,2,6.950094,18.08589898,8.170626574
Apr,2012,Region.V,2,1.451903,11.50345673,11.35242241
May,2012,Region.V,2,2.380169,10.45666792,8.235228551
Jun,2012,Region.V,2,3.09422,19.1357227,13.76223841
Jul,2012,Region.V,0,1.11868,14.07747077,11.68605161
Aug,2012,Region.V,0,3.665461,19.70311862,13.03360934
Sep,2012,Region.V,0,9.044643,4.690933207,13.87655631
Oct,2012,Region.V,0,4.403313,13.35215895,11.37983188
Nov,2012,Region.V,1,13.352749,8.851486064,12.89713106
Dec,2012,Region.V,1,12.257871,6.963218638,11.6178934
Jan,2013,Region.V,1,3.628785,17.75635389,12.40793592
Feb,2013,Region.V,1,5.080299,10.21317535,12.88004622
Mar,2013,Region.V,2,5.24418,6.192921759,8.746815552
Apr,2013,Region.V,2,1.24081,10.04726602,13.21244478
May,2013,Region.V,2,4.050192,15.5396423,7.770609188
Jun,2013,Region.V,2,20.883073,4.566172476,12.49578146
Jul,2013,Region.V,0,7.398039,5.164021231,14.07197741
Aug,2013,Region.V,0,11.448232,11.16529203,14.15758342
Sep,2013,Region.V,0,11.658935,18.93635907,7.986518397
Oct,2013,Region.V,0,11.401409,7.608664771,12.16166669
Nov,2013,Region.V,1,8.498381,12.23252438,14.38437999
Dec,2013,Region.V,1,9.458253,5.468176295,13.02591653
Jan,2014,Region.V,1,0.7831,8.25423005,9.351365047
Feb,2014,Region.V,1,3.316659,10.39485749,8.141641158
Mar,2014,Region.V,2,20.406664,15.91960962,9.048199041
Apr,2014,Region.V,2,5.87325,9.519131004,8.97948649
May,2014,Region.V,2,8.982617,3.445527369,8.521309075
Jun,2014,Region.V,2,6.587253,8.273609178,13.70865649
Jul,2014,Region.V,0,10.1803,7.155370683,13.593698
Aug,2014,Region.V,0,6.402994,18.7641957,8.990978992
Sep,2014,Region.V,0,8.752294,19.28026955,11.68579316
Oct,2014,Region.V,0,0.621874,7.043907131,13.76980782
Nov,2014,Region.V,1,2.763882,13.93198344,14.52601745
Dec,2014,Region.V,1,7.278223,15.18809153,7.800620861
Jan,2015,Region.V,1,4.238702,14.77955944,7.602779329
Feb,2015,Region.V,1,8.477404,5.090042929,11.48132267
Mar,2015,Region.V,2,5.032042,9.269644383,7.099194557
Apr,2015,Region.V,2,9.089409,8.857265848,8.872441845
May,2015,Region.V,2,6.029383,15.67909222,7.095891387
Jun,2015,Region.V,2,6.05205,10.71893293,8.312623418
Jul,2015,Region.V,0,0.589338,9.079913136,8.146636954
Aug,2015,Region.V,0,2.312019,18.85369546,8.510356293
Sep,2015,Region.V,0,3.876032,15.66857164,8.227279961
Oct,2015,Region.V,0,3.762698,5.721428773,12.10284648
Nov,2015,Region.V,1,7.185393,19.64543631,10.12923521
Dec,2015,Region.V,1,3.649364,5.02949283,12.86913439
Jan,2016,Region.V,1,7.743303,14.0641016,8.991888906
Feb,2016,Region.V,1,5.377913,19.3196568,13.22757967
Mar,2016,Region.V,2,6.002733,4.684245479,9.232761491
Apr,2016,Region.V,2,0.557875,15.9415818,8.042806796
May,2016,Region.V,2,2.097609,12.16829293,14.74286625
Jun,2016,Region.V,2,2.410019,10.72213931,8.649327748
Jul,2016,Region.V,0,3.191044,11.97125082,14.92017435
Aug,2016,Region.V,0,7.520153,11.18274376,7.601204718
Sep,2016,Region.V,0,2.008349,5.124982836,12.44492854
Oct,2016,Region.V,0,3.034839,18.10188134,11.51112782
Nov,2016,Region.V,1,3.793549,3.046899367,10.5747872
Dec,2016,Region.V,1,4.061329,3.219582516,7.481690932
Jan,2008,Region.VI,1,4.342776,3.389153329,7.976711916
Feb,2008,Region.VI,1,2.227064,3.9900301,10.02219686
Mar,2008,Region.VI,2,6.935715,14.7301155,12.11832975
Apr,2008,Region.VI,2,4.931357,11.93806053,9.389808341
May,2008,Region.VI,2,3.197428,19.41171146,13.06800598
Jun,2008,Region.VI,2,15.668989,6.096951559,9.753499053
Jul,2008,Region.VI,0,7.30159,15.32555913,9.239573458
Aug,2008,Region.VI,0,5.169971,9.872613362,7.691488453
Sep,2008,Region.VI,0,15.716712,13.75590328,13.96498337
Oct,2008,Region.VI,0,3.308782,14.55596365,8.132945362
Nov,2008,Region.VI,1,1.511222,11.34125786,10.39460812
Dec,2008,Region.VI,1,6.140335,5.548742159,9.585313893
Jan,2009,Region.VI,1,3.53785,6.691078611,10.68898791
Feb,2009,Region.VI,1,3.929205,19.89672658,11.04493693
Mar,2009,Region.VI,2,14.323597,16.90313085,8.286950576
Apr,2009,Region.VI,2,5.056308,9.478504635,8.792736409
May,2009,Region.VI,2,4.273598,9.915553853,9.564518189
Jun,2009,Region.VI,2,11.051869,3.733062412,10.92933281
Jul,2009,Region.VI,0,2.019392,12.19808339,9.193761877
Aug,2009,Region.VI,0,2.833411,14.73651548,10.13885913
Sep,2009,Region.VI,0,5.181542,18.05588744,14.4029597
Oct,2009,Region.VI,0,3.35,4.522697954,13.14098924
Nov,2009,Region.VI,1,4.61799,18.5709449,8.518397824
Dec,2009,Region.VI,1,14.448831,10.23368322,7.612766722
Jan,2010,Region.VI,1,4.220344,13.75848923,11.40070076
Feb,2010,Region.VI,1,3.773666,9.096572524,11.40569594
Mar,2010,Region.VI,2,10.212001,18.6658323,12.38735774
Apr,2010,Region.VI,2,2.233394,15.77106295,11.28579543
May,2010,Region.VI,2,2.680073,3.635990881,13.23651932
Jun,2010,Region.VI,2,4.020109,16.94900313,11.5729271
Jul,2010,Region.VI,0,2.387421,4.772802669,10.90118509
Aug,2010,Region.VI,0,6.00706,6.376931952,7.114513514
Sep,2010,Region.VI,0,13.862445,10.4534965,9.654103963
Oct,2010,Region.VI,0,3.311584,13.6996918,10.47346711
Nov,2010,Region.VI,1,3.311584,13.12768723,8.530475356
Dec,2010,Region.VI,1,9.210825,5.713596525,12.62491794
Jan,2011,Region.VI,1,1.893991,7.699110108,10.99501324
Feb,2011,Region.VI,1,5.924404,3.210390087,14.54610856
Mar,2011,Region.VI,2,8.045674,7.313640207,14.83848479
Apr,2011,Region.VI,2,2.894018,11.34995573,8.284898203
May,2011,Region.VI,2,10.697261,9.623606519,8.752272215
Jun,2011,Region.VI,2,25.318872,17.30015411,12.53724483
Jul,2011,Region.VI,0,5.197111,4.144874658,11.03139057
Aug,2011,Region.VI,0,3.681919,15.03813023,11.55793079
Sep,2011,Region.VI,0,10.818477,5.535796812,12.67064914
Oct,2011,Region.VI,0,4.272844,12.27764018,10.47205121
Nov,2011,Region.VI,1,12.409429,9.936471135,13.31609361
Dec,2011,Region.VI,1,17.788364,10.06315391,14.62774893
Jan,2012,Region.VI,1,4.009021,15.19210708,10.02796449
Feb,2012,Region.VI,1,25.156978,11.42882763,7.717269675
Mar,2012,Region.VI,2,69.44995,3.643807324,12.80091651
Apr,2012,Region.VI,2,11.878028,12.41546757,8.935833603
May,2012,Region.VI,2,6.393568,10.96866829,13.0449792
Jun,2012,Region.VI,2,21.460929,10.3703195,9.228428416
Jul,2012,Region.VI,0,5.48446,5.300002946,14.15253324
Aug,2012,Region.VI,0,18.226886,17.91968697,9.833024987
Sep,2012,Region.VI,0,76.156491,18.81831093,12.01226293
Oct,2012,Region.VI,0,5.976273,16.78914295,14.67294507
Nov,2012,Region.VI,1,35.783118,6.374979435,7.663782067
Dec,2012,Region.VI,1,90.851266,14.79838477,11.25656655
Jan,2013,Region.VI,1,22.941512,18.26134421,7.677478417
Feb,2013,Region.VI,1,19.775144,3.115647674,7.310013977
Mar,2013,Region.VI,2,70.774199,5.830570437,12.02227069
Apr,2013,Region.VI,2,3.13705,14.49286505,14.99335264
May,2013,Region.VI,2,11.507404,12.36834918,10.64774814
Jun,2013,Region.VI,2,147.324089,16.90393353,14.05482693
Jul,2013,Region.VI,0,7.44683,3.292043002,11.09239955
Aug,2013,Region.VI,0,28.878453,4.413471024,14.35944633
Sep,2013,Region.VI,0,45.369956,9.469727044,9.622382925
Oct,2013,Region.VI,0,25.975949,15.92386662,8.076439017
Nov,2013,Region.VI,1,26.342427,5.001254431,10.31270856
Dec,2013,Region.VI,1,115.850973,8.603610617,8.4502794
Jan,2014,Region.VI,1,2.394002,18.23276981,10.21086884
Feb,2014,Region.VI,1,7.109898,4.069638723,12.9605266
Mar,2014,Region.VI,2,89.270327,5.211945187,8.889556406
Apr,2014,Region.VI,2,4.932222,15.90694807,13.73680661
May,2014,Region.VI,2,18.012704,13.82139459,14.09122808
Jun,2014,Region.VI,2,21.502756,11.29422817,11.76693039
Jul,2014,Region.VI,0,16.772438,16.71164563,8.648384063
Aug,2014,Region.VI,0,26.218652,17.06540428,7.960767565
Sep,2014,Region.VI,0,70.017357,12.25757471,10.54276028
Oct,2014,Region.VI,0,1.730604,6.259012883,14.22072288
Nov,2014,Region.VI,1,7.268537,13.42574571,11.43720259
Dec,2014,Region.VI,1,27.386809,17.71995107,14.99045398
Jan,2015,Region.VI,1,3.406283,19.52020321,11.35290688
Feb,2015,Region.VI,1,14.292196,3.879380301,8.082360002
Mar,2015,Region.VI,2,13.000647,17.13981372,12.92576751
Apr,2015,Region.VI,2,10.261428,6.083949473,13.19930981
May,2015,Region.VI,2,22.722747,13.83223572,9.072223135
Jun,2015,Region.VI,2,28.144414,11.30999042,8.377654065
Jul,2015,Region.VI,0,1.816684,10.64515029,8.436130063
Aug,2015,Region.VI,0,2.937919,4.298858871,12.33953843
Sep,2015,Region.VI,0,9.693714,3.202445521,14.97647634
Oct,2015,Region.VI,0,2.824376,11.00041839,7.027535468
Nov,2015,Region.VI,1,13.085804,4.543905136,10.80066097
Dec,2015,Region.VI,1,6.613866,10.1419273,11.76643336
Jan,2016,Region.VI,1,7.852561,17.06278133,8.505316995
Feb,2016,Region.VI,1,17.591413,17.20220033,8.480145096
Mar,2016,Region.VI,2,14.908687,12.31684008,7.945491222
Apr,2016,Region.VI,2,1.229582,8.361157105,14.0261466
May,2016,Region.VI,2,3.199709,14.6298057,12.13972594
Jun,2016,Region.VI,2,4.876412,18.44730512,10.29285879
Jul,2016,Region.VI,0,2.109852,14.18675705,7.897813073
Aug,2016,Region.VI,0,11.178022,9.654565574,9.398302179
Sep,2016,Region.VI,0,4.792577,4.483157733,10.16227161
Oct,2016,Region.VI,0,4.093951,17.55070277,8.868367027
Nov,2016,Region.VI,1,11.16405,15.03355693,9.835380036
Dec,2016,Region.VI,1,8.411462,12.30803984,7.492040616
Jan,2008,Region.VII,1,16.333128,3.819053095,8.143578181
Feb,2008,Region.VII,1,7.002854,15.78076294,14.78866156
Mar,2008,Region.VII,2,16.559691,14.6470842,12.43263272
Apr,2008,Region.VII,2,13.099457,4.093490878,8.535691102
May,2008,Region.VII,2,12.357979,14.73660633,14.83564593
Jun,2008,Region.VII,2,43.438294,16.6926315,7.504194932
Jul,2008,Region.VII,0,13.38781,16.88420108,10.10679357
Aug,2008,Region.VII,0,15.838809,9.420330201,8.987668427
Sep,2008,Region.VII,0,35.632171,19.33927316,10.54107615
Oct,2008,Region.VII,0,9.906979,13.45908109,14.84067063
Nov,2008,Region.VII,1,5.56109,16.38022404,8.426406352
Dec,2008,Region.VII,1,13.51139,10.2823837,12.15929145
Jan,2009,Region.VII,1,11.431455,14.6003918,8.970555991
Feb,2009,Region.VII,1,12.627299,7.102696806,9.055302771
Mar,2009,Region.VII,2,32.8553,17.4175449,12.70935546
Apr,2009,Region.VII,2,8.431712,3.735690392,8.275357137
May,2009,Region.VII,2,10.418028,18.18297612,10.29577418
Jun,2009,Region.VII,2,24.666811,16.00033182,14.69838566
Jul,2009,Region.VII,0,4.864449,4.043070479,9.58715158
Aug,2009,Region.VII,0,5.249551,12.01072577,9.685847264
Sep,2009,Region.VII,0,9.830241,14.37927508,9.892553684
Oct,2009,Region.VII,0,9.262722,7.100207876,13.4701349
Nov,2009,Region.VII,1,14.309588,17.44734108,8.75979951
Dec,2009,Region.VII,1,27.828702,17.38700111,12.99134676
Jan,2010,Region.VII,1,5.344702,10.07667738,8.77518435
Feb,2010,Region.VII,1,8.575455,14.83218696,12.36692739
Mar,2010,Region.VII,2,27.162256,19.86545919,10.82454252
Apr,2010,Region.VII,2,4.287728,4.30191564,8.739314157
May,2010,Region.VII,2,4.02847,13.39614654,9.461004578
Jun,2010,Region.VII,2,6.042705,7.251119484,14.53889348
Jul,2010,Region.VII,0,5.584017,4.180544747,12.13956692
Aug,2010,Region.VII,0,14.578274,18.04902865,10.06721076
Sep,2010,Region.VII,0,15.23639,7.747658937,8.820181644
Oct,2010,Region.VII,0,3.829041,18.55628576,11.91263762
Nov,2010,Region.VII,1,4.886015,18.19910544,8.446541639
Dec,2010,Region.VII,1,18.945773,7.837866494,14.3183489
Jan,2011,Region.VII,1,4.002115,14.51184192,11.25671525
Feb,2011,Region.VII,1,4.590661,6.058916421,9.94989457
Mar,2011,Region.VII,2,7.964993,9.343534155,8.337058499
Apr,2011,Region.VII,2,4.610279,3.113116119,11.17990225
May,2011,Region.VII,2,18.244935,19.81309878,12.96544713
Jun,2011,Region.VII,2,13.948547,13.82645596,8.208209568
Jul,2011,Region.VII,0,5.296917,7.345390808,9.353264853
Aug,2011,Region.VII,0,3.904024,4.170405482,12.77790837
Sep,2011,Region.VII,0,12.830309,17.80820506,14.94108015
Oct,2011,Region.VII,0,5.650044,5.991069462,8.944299205
Nov,2011,Region.VII,1,10.122996,11.67208998,8.338110896
Dec,2011,Region.VII,1,8.514303,11.83779335,8.744951137
Jan,2012,Region.VII,1,4.882002,14.33340961,10.82024383
Feb,2012,Region.VII,1,31.568994,7.334989435,14.53870215
Mar,2012,Region.VII,2,16.556355,8.26920599,10.22454356
Apr,2012,Region.VII,2,7.294059,3.459384189,11.59005541
May,2012,Region.VII,2,6.155568,17.24609341,13.57666209
Jun,2012,Region.VII,2,17.443992,19.48633778,11.82926841
Jul,2012,Region.VII,0,6.059086,19.2307019,10.12676502
Aug,2012,Region.VII,0,13.951334,10.76792169,7.65400206
Sep,2012,Region.VII,0,26.841364,14.29686836,9.653874628
Oct,2012,Region.VII,0,7.911545,14.89138293,11.59321467
Nov,2012,Region.VII,1,42.297821,5.631750939,13.2338019
Dec,2012,Region.VII,1,39.75069,4.907013545,12.5097744
Jan,2013,Region.VII,1,10.55295,7.933565684,14.56412734
Feb,2013,Region.VII,1,12.792605,15.24922423,12.03824986
Mar,2013,Region.VII,2,45.153719,16.05134175,11.73090187
Apr,2013,Region.VII,2,5.750978,14.72584747,8.409526959
May,2013,Region.VII,2,23.459435,16.10006041,13.00949797
Jun,2013,Region.VII,2,65.272652,12.1722705,13.45456032
Jul,2013,Region.VII,0,10.837652,4.746204928,7.345482706
Aug,2013,Region.VII,0,53.144352,10.06645792,12.45671908
Sep,2013,Region.VII,0,41.054012,14.30306416,13.90454805
Oct,2013,Region.VII,0,14.424896,9.37803467,11.39540188
Nov,2013,Region.VII,1,26.477275,13.3539845,8.687368397
Dec,2013,Region.VII,1,94.369185,5.574162009,11.55091175
Jan,2014,Region.VII,1,4.462783,18.3330817,7.943927144
Feb,2014,Region.VII,1,23.434277,4.433148815,8.397053098
Mar,2014,Region.VII,2,77.697234,18.72463292,8.689654479
Apr,2014,Region.VII,2,11.48373,5.992945107,10.36865306
May,2014,Region.VII,2,42.144354,16.83945761,10.6827606
Jun,2014,Region.VII,2,33.741625,13.6918805,10.37159717
Jul,2014,Region.VII,0,16.114567,8.802383385,7.186207414
Aug,2014,Region.VII,0,41.192045,7.6194443,12.02809059
Sep,2014,Region.VII,0,68.09945,12.13613046,11.06277999
Oct,2014,Region.VII,0,4.630837,4.861809877,7.320522538
Nov,2014,Region.VII,1,16.973513,11.81801051,10.41616325
Dec,2014,Region.VII,1,34.413843,15.2721316,10.05105963
Jan,2015,Region.VII,1,8.489907,16.07606028,9.160113829
Feb,2015,Region.VII,1,41.493959,18.97914893,9.119540497
Mar,2015,Region.VII,2,19.7179,5.120199245,10.35049365
Apr,2015,Region.VII,2,14.370361,17.95317308,8.101273553
May,2015,Region.VII,2,57.775468,7.044608649,14.05918497
Jun,2015,Region.VII,2,75.986501,14.40214554,14.66840514
Jul,2015,Region.VII,0,1.819266,15.22218243,9.57620373
Aug,2015,Region.VII,0,11.613898,19.61334675,13.52746731
Sep,2015,Region.VII,0,17.788376,12.25466584,11.17825646
Oct,2015,Region.VII,0,8.875811,5.366649673,7.461245062
Nov,2015,Region.VII,1,46.731239,9.578409837,8.253930597
Dec,2015,Region.VII,1,13.690434,10.00131948,13.14257889
Jan,2016,Region.VII,1,16.499137,13.1453399,12.3665606
Feb,2016,Region.VII,1,49.82305,17.88203421,12.21402014
Mar,2016,Region.VII,2,72.835004,19.56150593,11.72851613
Apr,2016,Region.VII,2,0.018091,16.51575114,7.665735114
May,2016,Region.VII,2,8.937032,8.632682304,7.95050831
Jun,2016,Region.VII,2,8.539027,15.33554672,11.432326
Jul,2016,Region.VII,0,7.363101,15.81646493,10.91767361
Aug,2016,Region.VII,0,34.680751,14.12254113,10.32549477
Sep,2016,Region.VII,0,10.293869,7.731087321,12.89010582
Oct,2016,Region.VII,0,9.389311,16.06320602,8.202007249
Nov,2016,Region.VII,1,32.093715,6.104945185,10.24931549
Dec,2016,Region.VII,1,54.562934,9.571525383,12.3523209
Jan,2008,Region.VIII,1,2.609934,7.629250364,13.83254604
Feb,2008,Region.VIII,1,1.221022,12.8496861,14.24691512
Mar,2008,Region.VIII,2,9.752912,7.564672156,10.84098053
Apr,2008,Region.VIII,2,2.777825,6.804544317,14.26660244
May,2008,Region.VIII,2,0.702088,19.38289458,11.04953212
Jun,2008,Region.VIII,2,8.63873,10.99427314,11.84890618
Jul,2008,Region.VIII,0,11.00446,4.535176808,12.13963177
Aug,2008,Region.VIII,0,2.304679,13.65086298,14.98288477
Sep,2008,Region.VIII,0,7.387183,4.512359486,8.185811734
Oct,2008,Region.VIII,0,1.633117,10.37448975,14.78655623
Nov,2008,Region.VIII,1,1.007343,15.61948574,8.492733827
Dec,2008,Region.VIII,1,9.569759,16.48388395,10.50046932
Jan,2009,Region.VIII,1,1.757299,12.56223311,11.03205503
Feb,2009,Region.VIII,1,0.660864,10.95874068,10.35766811
Mar,2009,Region.VIII,2,7.840256,4.837128721,8.56485564
Apr,2009,Region.VIII,2,8.771474,10.64613762,10.37862141
May,2009,Region.VIII,2,2.403144,10.05330089,12.12618048
Jun,2009,Region.VIII,2,5.752525,7.144926821,12.12395099
Jul,2009,Region.VIII,0,1.6822,3.080075535,9.05496737
Aug,2009,Region.VIII,0,0.525688,10.48275413,10.65319243
Sep,2009,Region.VIII,0,9.462378,15.47580467,13.80242934
Oct,2009,Region.VIII,0,1.486945,19.9194026,7.555387123
Nov,2009,Region.VIII,1,0.540707,3.798794299,8.756120086
Dec,2009,Region.VIII,1,5.54225,17.21333854,13.64943774
Jan,2010,Region.VIII,1,8.88179,13.35509724,14.38383083
Feb,2010,Region.VIII,1,1.965521,15.38866294,8.116290152
Mar,2010,Region.VIII,2,4.403949,7.62246773,11.68098723
Apr,2010,Region.VIII,2,0.871923,16.82811777,8.034159636
May,2010,Region.VIII,2,0.280789,4.078982417,10.99183983
Jun,2010,Region.VIII,2,5.275872,3.93617479,11.12998481
Jul,2010,Region.VIII,0,0.827588,17.1616875,12.22574374
Aug,2010,Region.VIII,0,0.798031,17.42456199,11.38783501
Sep,2010,Region.VIII,0,3.000006,8.647868278,9.089360921
Oct,2010,Region.VIII,0,5.896563,11.20431131,12.45958364
Nov,2010,Region.VIII,1,1.004928,6.585742875,13.00662817
Dec,2010,Region.VIII,1,3.783258,19.64028873,7.383847976
Jan,2011,Region.VIII,1,0.872264,10.58694146,7.200977442
Feb,2011,Region.VIII,1,0.610585,12.58391255,14.7513659
Mar,2011,Region.VIII,2,10.19095,8.518481044,14.60158363
Apr,2011,Region.VIII,2,0.872264,15.74531571,12.73899149
May,2011,Region.VIII,2,0.95949,8.783972421,12.19744488
Jun,2011,Region.VIII,2,3.736197,9.515018258,8.80617399
Jul,2011,Region.VIII,0,7.268866,14.23251756,14.45194062
Aug,2011,Region.VIII,0,0.63966,16.5440096,14.49231068
Sep,2011,Region.VIII,0,4.724763,8.885565322,14.25748994
Oct,2011,Region.VIII,0,1.788141,10.8848839,7.149479902
Nov,2011,Region.VIII,1,0.785038,11.83667835,8.50195511
Dec,2011,Region.VIII,1,16.543939,13.20782925,12.36249217
Jan,2012,Region.VIII,1,0.61487,15.48069353,9.336172912
Feb,2012,Region.VIII,1,1.687317,18.17697742,11.51103446
Mar,2012,Region.VIII,2,5.305041,15.4920124,10.14829171
Apr,2012,Region.VIII,2,6.734971,13.93233739,13.09066942
May,2012,Region.VIII,2,0.872257,18.72893382,13.9677216
Jun,2012,Region.VIII,2,6.74927,7.41335939,7.010743841
Jul,2012,Region.VIII,0,2.359385,6.985555092,14.44450556
Aug,2012,Region.VIII,0,0.672067,15.60021363,8.998896178
Sep,2012,Region.VIII,0,29.985633,9.136413287,12.63985191
Oct,2012,Region.VIII,0,0.443278,12.83653126,9.744520551
Nov,2012,Region.VIII,1,1.658719,5.572677916,11.33854276
Dec,2012,Region.VIII,1,7.807418,12.89884807,12.71532725
Jan,2013,Region.VIII,1,9.296895,18.89748807,9.010211403
Feb,2013,Region.VIII,1,2.503551,10.77122009,9.075801194
Mar,2013,Region.VIII,2,12.152068,9.462738226,14.40836544
Apr,2013,Region.VIII,2,0.829829,7.345971508,8.367523322
May,2013,Region.VIII,2,0.956413,16.84553045,9.25499013
Jun,2013,Region.VIII,2,36.217101,3.624698094,12.47358149
Jul,2013,Region.VIII,0,1.589333,5.426230959,9.429844898
Aug,2013,Region.VIII,0,3.375574,19.51654561,8.767977901
Sep,2013,Region.VIII,0,6.160423,18.61948477,14.18498627
Oct,2013,Region.VIII,0,8.171703,8.270583111,10.68027686
Nov,2013,Region.VIII,1,2.306643,7.24910469,9.379943731
Dec,2013,Region.VIII,1,12.644339,12.05434496,14.28024129
Jan,2014,Region.VIII,1,0.968597,5.044314763,11.0350672
Feb,2014,Region.VIII,1,1.90952,3.656098802,7.928897976
Mar,2014,Region.VIII,2,27.148397,19.90233338,11.455025
Apr,2014,Region.VIII,2,0.982434,13.20124994,13.27569725
May,2014,Region.VIII,2,3.68067,6.672373714,11.00368237
Jun,2014,Region.VIII,2,1.923357,18.84573109,11.54359358
Jul,2014,Region.VIII,0,4.068108,9.719775759,14.81556924
Aug,2014,Region.VIII,0,2.130914,10.53738436,11.92731437
Sep,2014,Region.VIII,0,7.984009,16.22814208,10.81677945
Oct,2014,Region.VIII,0,0.193719,16.27208675,9.969315504
Nov,2014,Region.VIII,1,2.698235,6.179404219,10.21136464
Dec,2014,Region.VIII,1,9.796669,10.66812454,14.9983483
Jan,2015,Region.VIII,1,0.599171,13.54101186,9.736684898
Feb,2015,Region.VIII,1,4.030788,4.686346787,10.66766969
Mar,2015,Region.VIII,2,2.042629,19.52390837,7.954796092
Apr,2015,Region.VIII,2,2.560095,19.89695837,9.380841428
May,2015,Region.VIII,2,4.275903,3.172937936,11.69670212
Jun,2015,Region.VIII,2,5.024867,8.431925042,8.74883751
Jul,2015,Region.VIII,0,0,9.69754606,14.46063644
Aug,2015,Region.VIII,0,2.137952,8.54951032,12.11386981
Sep,2015,Region.VIII,0,5.596803,8.470347122,10.80866798
Oct,2015,Region.VIII,0,0.531084,19.425372,7.240060578
Nov,2015,Region.VIII,1,3.772055,6.644484315,10.53602992
Dec,2015,Region.VIII,1,0.544701,12.45678747,9.611985127
Jan,2016,Region.VIII,1,2.547166,11.16294926,13.82610118
Feb,2016,Region.VIII,1,5.737827,6.375058497,12.20003694
Mar,2016,Region.VIII,2,4.12909,10.76679593,12.18554246
Apr,2016,Region.VIII,2,0,17.74153228,9.917925712
May,2016,Region.VIII,2,2.681228,17.91356085,12.88470062
Jun,2016,Region.VIII,2,2.372886,4.816607912,7.375735047
Jul,2016,Region.VIII,0,0.160874,6.129108447,7.349858099
Aug,2016,Region.VIII,0,1.474675,14.64643235,14.42156917
Sep,2016,Region.VIII,0,1.997515,11.37959313,10.57483997
Oct,2016,Region.VIII,0,0.656901,11.32974969,12.3417337
Nov,2016,Region.VIII,1,2.091357,10.41224541,10.95012208
Dec,2016,Region.VIII,1,2.667821,14.2619734,13.6163049
Jan,2008,Region.IX,1,3.925287,7.305084617,7.745594295
Feb,2008,Region.IX,1,2.243021,6.729389368,9.643314836
Mar,2008,Region.IX,2,5.067566,15.49698744,14.46558128
Apr,2008,Region.IX,2,2.222252,11.26623986,14.31595359
May,2008,Region.IX,2,6.189076,15.77015397,8.329301564
Jun,2008,Region.IX,2,12.461227,5.229828307,9.486243584
Jul,2008,Region.IX,0,8.286716,17.26245374,10.04827769
Aug,2008,Region.IX,0,9.948213,16.47016103,12.92716415
Sep,2008,Region.IX,0,12.668915,10.85937566,7.80170095
Oct,2008,Region.IX,0,4.984491,15.56191038,7.085918603
Nov,2008,Region.IX,1,1.536885,5.186910086,9.692599504
Dec,2008,Region.IX,1,4.589885,8.150471576,7.822483067
Jan,2009,Region.IX,1,2.391232,9.284705997,13.1218425
Feb,2009,Region.IX,1,4.864216,17.5372279,11.50686873
Mar,2009,Region.IX,2,12.916741,7.47604927,8.0318999
Apr,2009,Region.IX,2,6.110927,14.24882619,8.974829607
May,2009,Region.IX,2,9.176609,6.210399374,7.12693378
Jun,2009,Region.IX,2,9.197047,14.62802072,9.535713243
Jul,2009,Region.IX,0,5.804358,14.07014587,11.03130307
Aug,2009,Region.IX,0,2.186853,19.38783449,7.030399285
Sep,2009,Region.IX,0,5.272973,7.222925422,10.71739054
Oct,2009,Region.IX,0,2.6978,16.09763359,9.727538291
Nov,2009,Region.IX,1,6.151802,7.370189121,9.993152241
Dec,2009,Region.IX,1,14.837902,18.6914558,10.16787817
Jan,2010,Region.IX,1,4.946947,14.85396361,11.66592795
Feb,2010,Region.IX,1,8.345459,14.37952892,13.92790183
Mar,2010,Region.IX,2,8.606883,8.72392548,11.44602854
Apr,2010,Region.IX,2,5.127933,8.336440056,7.394248455
May,2010,Region.IX,2,2.091392,15.91825745,11.04554995
Jun,2010,Region.IX,2,3.981689,6.980056438,7.064213903
Jul,2010,Region.IX,0,2.091392,4.868203924,14.99674931
Aug,2010,Region.IX,0,7.038339,3.99406982,11.61503671
Sep,2010,Region.IX,0,12.447806,9.038583788,13.71467066
Oct,2010,Region.IX,0,6.656258,19.06404183,10.41262346
Nov,2010,Region.IX,1,5.650781,13.43542426,10.935156
Dec,2010,Region.IX,1,6.515491,14.27074512,8.281029924
Jan,2011,Region.IX,1,5.677467,7.450523662,10.5839361
Feb,2011,Region.IX,1,2.927753,17.99143556,8.827494601
Mar,2011,Region.IX,2,5.934635,6.167666198,14.62051151
Apr,2011,Region.IX,2,2.176033,7.076989647,7.978856703
May,2011,Region.IX,2,11.69123,12.19620429,11.48933424
Jun,2011,Region.IX,2,14.440945,3.383718143,8.323225015
Jul,2011,Region.IX,0,11.354934,13.37753664,9.578380141
Aug,2011,Region.IX,0,9.020645,14.94942435,7.816516103
Sep,2011,Region.IX,0,8.644785,6.787549003,14.03613679
Oct,2011,Region.IX,0,4.272937,17.50887325,12.61421419
Nov,2011,Region.IX,1,4.174026,10.64581956,11.98775606
Dec,2011,Region.IX,1,15.33114,19.92057465,9.220369277
Jan,2012,Region.IX,1,1.965225,13.14889329,11.88095297
Feb,2012,Region.IX,1,13.386878,16.11202457,12.82028428
Mar,2012,Region.IX,2,15.682884,19.3837111,14.21691587
Apr,2012,Region.IX,2,17.628651,11.31690057,10.3227972
May,2012,Region.IX,2,16.402817,4.132052841,11.75936252
Jun,2012,Region.IX,2,13.503624,11.09614454,12.59378486
Jul,2012,Region.IX,0,4.202857,19.9725507,10.62124326
Aug,2012,Region.IX,0,4.027738,5.337510236,10.57013604
Sep,2012,Region.IX,0,19.068518,14.09722644,10.28630769
Oct,2012,Region.IX,0,3.015939,12.92124997,9.270007706
Nov,2012,Region.IX,1,11.460569,16.45949564,14.96384264
Dec,2012,Region.IX,1,12.161045,16.97620296,14.20903927
Jan,2013,Region.IX,1,20.516691,15.81266582,8.523602926
Feb,2013,Region.IX,1,21.511904,16.22949692,14.54059261
Mar,2013,Region.IX,2,17.818134,15.74466858,8.565678852
Apr,2013,Region.IX,2,2.698557,7.078234064,10.29547845
May,2013,Region.IX,2,2.985638,7.645560777,14.6577393
Jun,2013,Region.IX,2,18.047799,17.84565091,9.9793389
Jul,2013,Region.IX,0,4.612428,16.6111742,8.856292489
Aug,2013,Region.IX,0,9.875572,3.148333043,14.14583902
Sep,2013,Region.IX,0,7.598066,5.466517988,9.056349117
Oct,2013,Region.IX,0,17.741579,13.43929332,8.501019341
Nov,2013,Region.IX,1,15.540628,5.216004869,10.75989533
Dec,2013,Region.IX,1,21.205685,18.32901896,10.00731689
Jan,2014,Region.IX,1,1.995847,8.916621583,14.28588914
Feb,2014,Region.IX,1,1.788731,4.133286382,7.188001996
Mar,2014,Region.IX,2,11.108958,10.69599637,10.13004305
Apr,2014,Region.IX,2,4.029351,4.409610026,14.96082032
May,2014,Region.IX,2,7.249066,12.39177449,10.66957792
Jun,2014,Region.IX,2,4.142323,17.49450562,9.319813809
Jul,2014,Region.IX,0,11.429047,15.79697457,14.26137436
Aug,2014,Region.IX,0,13.048319,3.140376844,12.08245774
Sep,2014,Region.IX,0,13.443722,18.08221993,10.11092835
Oct,2014,Region.IX,0,1.186211,8.824823323,11.36973697
Nov,2014,Region.IX,1,2.221792,18.56827339,9.695696534
Dec,2014,Region.IX,1,4.895473,9.894330835,10.89671488
Jan,2015,Region.IX,1,2.353304,13.18832179,9.762633254
Feb,2015,Region.IX,1,9.227916,16.58774115,10.53708086
Mar,2015,Region.IX,2,3.650401,16.76348903,11.97791151
Apr,2015,Region.IX,2,11.840639,14.7719481,13.13347743
May,2015,Region.IX,2,11.155031,14.21743948,8.840536089
Jun,2015,Region.IX,2,11.062381,13.93089261,13.04766525
Jul,2015,Region.IX,0,1.408276,9.855327065,11.59924408
Aug,2015,Region.IX,0,2.538603,13.47955827,9.677754482
Sep,2015,Region.IX,0,2.038295,7.815606835,8.921734653
Oct,2015,Region.IX,0,2.316244,14.8059241,8.996532733
Nov,2015,Region.IX,1,11.080911,12.51015469,9.023452408
Dec,2015,Region.IX,1,3.76158,8.94416004,8.584239289
Jan,2016,Region.IX,1,8.975216,8.969452172,12.15910872
Feb,2016,Region.IX,1,9.175882,11.11479886,11.66912083
Mar,2016,Region.IX,2,10.288663,14.62425995,12.54001138
Apr,2016,Region.IX,2,1.824231,14.56665259,13.07872895
May,2016,Region.IX,2,3.009981,7.984586498,14.21503415
Jun,2016,Region.IX,2,0.693208,5.88699143,13.02312607
Jul,2016,Region.IX,0,1.076296,10.64277457,11.21749181
Aug,2016,Region.IX,0,8.13607,16.516582,7.014194087
Sep,2016,Region.IX,0,3.721431,15.93815431,10.75592113
Oct,2016,Region.IX,0,4.797727,14.74112778,10.1869982
Nov,2016,Region.IX,1,5.928751,5.29886299,14.48096476
Dec,2016,Region.IX,1,7.771224,11.65579108,11.70676686
Jan,2008,Region.X,1,4.66066,14.21921815,9.730979511
Feb,2008,Region.X,1,2.458154,18.30084641,13.05574433
Mar,2008,Region.X,2,10.068598,9.911854536,13.15794515
Apr,2008,Region.X,2,5.624256,8.2544632,7.881234966
May,2008,Region.X,2,3.323424,14.99978138,14.34207647
Jun,2008,Region.X,2,12.546417,17.60019277,11.85980495
Jul,2008,Region.X,0,7.433457,7.754413277,10.95890783
Aug,2008,Region.X,0,17.502056,5.582902447,13.5200728
Sep,2008,Region.X,0,29.281529,11.34432627,13.53251683
Oct,2008,Region.X,0,2.851458,14.96179706,12.17131409
Nov,2008,Region.X,1,2.359828,5.965338142,11.37762861
Dec,2008,Region.X,1,8.49538,8.504869276,7.669845816
Jan,2009,Region.X,1,3.367244,6.235622142,14.75203425
Feb,2009,Region.X,1,3.347892,7.156245814,8.462615091
Mar,2009,Region.X,2,10.353307,11.21739162,12.59451744
Apr,2009,Region.X,2,6.192632,18.82134468,7.066647037
May,2009,Region.X,2,14.68815,19.06970274,7.872321333
Jun,2009,Region.X,2,23.648115,19.34641358,7.477682091
Jul,2009,Region.X,0,1.56751,9.431337858,9.077858831
Aug,2009,Region.X,0,3.13502,15.02523081,14.88065167
Sep,2009,Region.X,0,7.431159,10.05678621,14.89454739
Oct,2009,Region.X,0,2.573813,6.992090567,13.41475779
Nov,2009,Region.X,1,5.225033,13.17105402,13.81269619
Dec,2009,Region.X,1,7.121527,13.47333116,9.043350434
Jan,2010,Region.X,1,9.387252,8.309920261,14.82606476
Feb,2010,Region.X,1,11.158073,10.98112091,13.55814128
Mar,2010,Region.X,2,19.40286,3.174462036,11.85445355
Apr,2010,Region.X,2,1.142465,11.14614462,14.11559878
May,2010,Region.X,2,1.447122,3.293382565,10.5048439
Jun,2010,Region.X,2,4.893558,14.64385555,12.26117768
Jul,2010,Region.X,0,1.827944,17.07959101,13.94440063
Aug,2010,Region.X,0,5.388626,3.183974237,7.769546724
Sep,2010,Region.X,0,5.331502,13.44017392,10.13920719
Oct,2010,Region.X,0,7.464103,9.930303898,11.38028577
Nov,2010,Region.X,1,8.016295,17.63000283,8.548653589
Dec,2010,Region.X,1,15.175741,3.722005742,13.59094776
Jan,2011,Region.X,1,1.217518,18.02686483,14.05217811
Feb,2011,Region.X,1,1.367367,11.31282382,7.752558946
Mar,2011,Region.X,2,8.241664,4.786724349,10.98593496
Apr,2011,Region.X,2,2.65981,15.30234012,10.27188789
May,2011,Region.X,2,7.623539,12.32366713,10.48750771
Jun,2011,Region.X,2,7.848311,9.26950808,12.22200887
Jul,2011,Region.X,0,10.021114,3.218347394,11.98934254
Aug,2011,Region.X,0,7.82958,8.457745234,10.23506215
Sep,2011,Region.X,0,13.467627,17.2219089,12.87917182
Oct,2011,Region.X,0,1.741988,19.4822677,9.647488854
Nov,2011,Region.X,1,2.472499,8.765900173,13.30942506
Dec,2011,Region.X,1,17.363687,19.05715311,14.82263724
Jan,2012,Region.X,1,2.892544,5.674698238,11.58538755
Feb,2012,Region.X,1,10.925341,3.3262012,12.79273777
Mar,2012,Region.X,2,7.590625,19.0704213,8.90934806
Apr,2012,Region.X,2,20.671557,10.89109132,7.200393386
May,2012,Region.X,2,12.233435,18.63450016,12.04336478
Jun,2012,Region.X,2,21.50063,3.646894389,11.62751736
Jul,2012,Region.X,0,1.805537,4.747558397,8.352437861
Aug,2012,Region.X,0,5.324492,13.83633806,12.12041126
Sep,2012,Region.X,0,28.041095,17.99988187,13.04220815
Oct,2012,Region.X,0,2.855696,14.55667114,8.023788521
Nov,2012,Region.X,1,16.673582,13.0848478,7.925591123
Dec,2012,Region.X,1,9.746215,5.028323065,13.29772349
Jan,2013,Region.X,1,27.110255,8.782984231,11.99464577
Feb,2013,Region.X,1,19.4266,11.67858382,9.91698499
Mar,2013,Region.X,2,42.586297,15.16160131,13.4991118
Apr,2013,Region.X,2,1.630965,16.0911687,10.30915021
May,2013,Region.X,2,6.831929,6.303235623,14.81014165
Jun,2013,Region.X,2,22.181118,19.40291576,9.070270746
Jul,2013,Region.X,0,4.711675,6.664300302,10.71179911
Aug,2013,Region.X,0,28.233809,5.515163085,7.009790101
Sep,2013,Region.X,0,6.922538,15.85037086,10.40452141
Oct,2013,Region.X,0,29.33924,19.90963882,9.665955274
Nov,2013,Region.X,1,18.611118,16.55056451,9.413053157
Dec,2013,Region.X,1,58.098582,18.78242613,9.394006231
Jan,2014,Region.X,1,1.247983,13.37121749,14.6025559
Feb,2014,Region.X,1,4.902792,16.45441359,12.8326637
Mar,2014,Region.X,2,14.940144,8.272086995,13.5280444
Apr,2014,Region.X,2,4.849307,11.10395057,7.211642179
May,2014,Region.X,2,16.241612,3.320889882,7.954164523
Jun,2014,Region.X,2,12.283722,13.61906704,12.46077596
Jul,2014,Region.X,0,28.650133,16.20628641,14.83522923
Aug,2014,Region.X,0,19.111974,11.57948849,12.61201881
Sep,2014,Region.X,0,41.967899,11.8650092,11.33831878
Oct,2014,Region.X,0,1.158842,12.88621238,10.6093625
Nov,2014,Region.X,1,2.192885,7.257837891,14.41661151
Dec,2014,Region.X,1,8.646742,10.09294737,13.60767979
Jan,2015,Region.X,1,2.351086,15.41824484,9.767525028
Feb,2015,Region.X,1,7.649803,10.08180235,14.39187833
Mar,2015,Region.X,2,7.491894,18.45993755,9.272094489
Apr,2015,Region.X,2,27.581401,7.057220206,7.182506489
May,2015,Region.X,2,19.528053,5.25556666,11.60901787
Jun,2015,Region.X,2,26.686584,8.40374489,11.57203273
Jul,2015,Region.X,0,0.929907,4.093510626,11.53549471
Aug,2015,Region.X,0,6.175988,4.033191727,8.148744862
Sep,2015,Region.X,0,5.01799,5.196098202,11.9289543
Oct,2015,Region.X,0,2.000178,11.22317501,9.920254487
Nov,2015,Region.X,1,9.228891,7.436870481,12.62613593
Dec,2015,Region.X,1,5.403989,14.40916406,13.64223195
Jan,2016,Region.X,1,25.356848,13.24525366,9.746533847
Feb,2016,Region.X,1,20.4513,7.142599177,8.774556171
Mar,2016,Region.X,2,19.743105,5.095304182,10.90229137
Apr,2016,Region.X,2,0.276369,6.822746718,14.20531104
May,2016,Region.X,2,2.331863,16.90980122,10.44968592
Jun,2016,Region.X,2,1.848217,8.584587133,10.07748517
Jul,2016,Region.X,0,1.330025,15.44080017,9.681193381
Aug,2016,Region.X,0,5.510105,9.847520884,12.40268797
Sep,2016,Region.X,0,6.460124,3.151736885,9.567115165
Oct,2016,Region.X,0,12.954793,17.28576496,7.438499821
Nov,2016,Region.X,1,18.948544,15.06587367,7.979417627
Dec,2016,Region.X,1,15.442113,18.38895211,14.37014324
Jan,2008,Region.XI,1,3.95752,14.32475579,11.61368522
Feb,2008,Region.XI,1,5.597063,8.37788106,11.0867135
Mar,2008,Region.XI,2,9.40382,18.74201133,9.548806209
Apr,2008,Region.XI,2,4.975168,7.669666119,13.43766166
May,2008,Region.XI,2,8.913842,16.78146569,11.14477944
Jun,2008,Region.XI,2,13.775937,15.70642484,10.41060723
Jul,2008,Region.XI,0,10.21417,3.665847689,7.694426616
Aug,2008,Region.XI,0,8.065802,16.91139182,8.449275145
Sep,2008,Region.XI,0,15.3401,17.80965223,10.26289032
Oct,2008,Region.XI,0,3.655994,11.11779459,8.137933143
Nov,2008,Region.XI,1,4.183664,4.404491537,14.18400319
Dec,2008,Region.XI,1,8.574626,19.81523551,13.78624113
Jan,2009,Region.XI,1,3.801753,6.364986972,14.58580951
Feb,2009,Region.XI,1,8.77185,17.20526089,7.477829408
Mar,2009,Region.XI,2,25.610835,17.01459675,8.463662226
Apr,2009,Region.XI,2,7.677687,12.38538607,14.56409448
May,2009,Region.XI,2,6.806066,13.5345118,11.46622593
Jun,2009,Region.XI,2,13.389589,12.63635332,10.39325162
Jul,2009,Region.XI,0,3.041403,9.637151665,14.54933748
Aug,2009,Region.XI,0,4.821736,18.80108235,8.771733329
Sep,2009,Region.XI,0,7.4366,3.737857043,10.30775028
Oct,2009,Region.XI,0,4.376652,12.00117422,10.82467549
Nov,2009,Region.XI,1,9.532201,9.628251102,9.6745813
Dec,2009,Region.XI,1,24.071589,4.234162788,13.25766997
Jan,2010,Region.XI,1,5.912095,3.828907742,13.0579446
Feb,2010,Region.XI,1,3.503464,13.09708298,10.14061207
Mar,2010,Region.XI,2,11.550482,3.237763884,14.26799474
Apr,2010,Region.XI,2,3.612947,7.776827994,9.55449201
May,2010,Region.XI,2,4.926746,10.71943198,10.59518694
Jun,2010,Region.XI,2,4.762521,11.2495216,7.88499343
Jul,2010,Region.XI,0,4.470566,16.84329427,10.50351694
Aug,2010,Region.XI,0,10.236683,5.448819981,10.1938389
Sep,2010,Region.XI,0,14.652507,9.408073471,12.18379799
Oct,2010,Region.XI,0,5.127465,6.652722873,11.26478541
Nov,2010,Region.XI,1,3.320992,16.55333466,11.05363178
Dec,2010,Region.XI,1,10.692863,5.328350173,7.903933611
Jan,2011,Region.XI,1,3.877223,9.209471877,12.52255929
Feb,2011,Region.XI,1,4.613177,8.998909275,9.537002484
Mar,2011,Region.XI,2,8.54425,12.93047258,8.683854179
Apr,2011,Region.XI,2,4.308025,12.30788471,14.55817833
May,2011,Region.XI,2,16.926949,3.430971426,7.132486258
Jun,2011,Region.XI,2,14.324184,5.023721664,10.48258793
Jul,2011,Region.XI,0,8.292949,5.689999967,10.34520393
Aug,2011,Region.XI,0,3.661821,14.22728522,9.829448342
Sep,2011,Region.XI,0,10.15976,19.37054437,14.39072568
Oct,2011,Region.XI,0,5.420932,3.947449064,14.02397038
Nov,2011,Region.XI,1,8.149348,6.333079024,7.468291115
Dec,2011,Region.XI,1,21.414475,18.42984131,14.74658088
Jan,2012,Region.XI,1,5.596859,15.55406571,10.78611661
Feb,2012,Region.XI,1,25.247661,15.67375092,8.372161286
Mar,2012,Region.XI,2,14.689548,13.80828996,12.39237077
Apr,2012,Region.XI,2,16.808233,14.03298601,8.788745057
May,2012,Region.XI,2,6.091219,16.84952129,8.723299454
Jun,2012,Region.XI,2,21.010291,12.17810055,8.693348921
Jul,2012,Region.XI,0,7.256496,15.13904988,12.91676304
Aug,2012,Region.XI,0,6.232465,14.22961202,11.52090884
Sep,2012,Region.XI,0,39.230981,11.83015848,9.508821468
Oct,2012,Region.XI,0,9.904852,19.78803932,11.44710073
Nov,2012,Region.XI,1,24.082384,11.54368247,13.05227878
Dec,2012,Region.XI,1,22.228535,8.852269419,11.48427352
Jan,2013,Region.XI,1,26.292546,5.118474388,12.62627555
Feb,2013,Region.XI,1,9.829314,18.88796501,8.946800609
Mar,2013,Region.XI,2,37.406965,6.883761105,12.83358565
Apr,2013,Region.XI,2,6.199762,19.71160808,8.445330333
May,2013,Region.XI,2,6.824948,16.47769996,8.884118191
Jun,2013,Region.XI,2,30.877244,12.47103133,10.15566341
Jul,2013,Region.XI,0,9.759849,17.9588985,10.42549437
Aug,2013,Region.XI,0,20.318546,5.06320106,8.295413915
Sep,2013,Region.XI,0,19.69336,16.55738806,12.7768445
Oct,2013,Region.XI,0,24.104395,5.135465345,9.938391474
Nov,2013,Region.XI,1,8.787337,8.130732609,9.03933248
Dec,2013,Region.XI,1,37.910587,6.814563429,7.104783417
Jan,2014,Region.XI,1,5.689311,19.66729891,12.03611719
Feb,2014,Region.XI,1,7.790769,13.97988201,8.128038224
Mar,2014,Region.XI,2,18.17846,11.68945344,12.18710348
Apr,2014,Region.XI,2,7.466153,5.455191723,13.38846275
May,2014,Region.XI,2,15.068987,18.58796226,7.568754306
Jun,2014,Region.XI,2,17.221699,14.5537888,7.35104089
Jul,2014,Region.XI,0,15.974493,14.49439674,11.69649825
Aug,2014,Region.XI,0,8.029959,3.393932741,13.61154696
Sep,2014,Region.XI,0,18.127205,8.659190325,12.30764118
Oct,2014,Region.XI,0,5.330526,14.34918499,13.48979152
Nov,2014,Region.XI,1,7.141538,15.88031831,13.90708316
Dec,2014,Region.XI,1,7.978704,9.516420808,7.316489917
Jan,2015,Region.XI,1,6.624678,3.390022255,13.91538796
Feb,2015,Region.XI,1,15.233396,13.51829561,10.7069531
Mar,2015,Region.XI,2,10.458248,7.88436928,8.767911219
Apr,2015,Region.XI,2,12.257335,15.8199887,11.95148482
May,2015,Region.XI,2,7.801651,8.170729411,12.66200857
Jun,2015,Region.XI,2,14.409515,13.82820968,11.12222403
Jul,2015,Region.XI,0,4.90966,12.30485479,14.35850508
Aug,2015,Region.XI,0,4.707893,11.70173863,10.2089126
Sep,2015,Region.XI,0,4.052151,6.889871104,11.40636621
Oct,2015,Region.XI,0,6.2884,8.502945422,8.414068589
Nov,2015,Region.XI,1,11.685663,4.790750079,12.07869434
Dec,2015,Region.XI,1,7.162723,4.11565676,7.917041242
Jan,2016,Region.XI,1,9.683444,19.09202358,11.75981521
Feb,2016,Region.XI,1,9.20341,19.60487152,10.70368101
Mar,2016,Region.XI,2,13.391293,5.340596701,14.56551271
Apr,2016,Region.XI,2,2.996074,13.8995785,14.64320737
May,2016,Region.XI,2,8.590953,7.054012296,14.23250124
Jun,2016,Region.XI,2,1.787713,19.44983867,12.07917379
Jul,2016,Region.XI,0,5.677643,9.616695889,11.49935668
Aug,2016,Region.XI,0,11.520816,9.625288479,14.73433165
Sep,2016,Region.XI,0,9.83242,11.37391867,9.876666804
Oct,2016,Region.XI,0,7.20051,19.05288002,10.85244575
Nov,2016,Region.XI,1,12.8616,17.17311062,9.674151735
Dec,2016,Region.XI,1,11.553921,4.190109134,13.08899584
Jan,2008,Region.XII,1,3.083831,5.57394004,11.78438016
Feb,2008,Region.XII,1,4.524305,10.0950703,13.77045773
Mar,2008,Region.XII,2,10.732544,13.46292306,11.84590806
Apr,2008,Region.XII,2,5.132956,8.376090352,14.83108108
May,2008,Region.XII,2,3.205561,19.34642944,8.580813137
Jun,2008,Region.XII,2,14.790216,3.70584709,14.11389894
Jul,2008,Region.XII,0,11.381771,9.459190422,7.930635686
Aug,2008,Region.XII,0,9.089186,15.35653137,7.358253181
Sep,2008,Region.XII,0,25.218435,14.07741548,8.025241978
Oct,2008,Region.XII,0,3.205561,11.12737213,14.76818663
Nov,2008,Region.XII,1,4.037384,4.648087107,7.633050519
Dec,2008,Region.XII,1,10.022451,12.58108009,12.71322632
Jan,2009,Region.XII,1,4.132792,19.80868903,8.502622401
Feb,2009,Region.XII,1,3.913175,11.66087007,13.92759556
Mar,2009,Region.XII,2,17.289847,18.12688555,12.62412118
Apr,2009,Region.XII,2,8.844575,3.37583836,14.93541186
May,2009,Region.XII,2,10.641441,4.982662487,14.53662972
Jun,2009,Region.XII,2,19.066748,5.204158774,9.615454859
Jul,2009,Region.XII,0,3.493907,15.11885362,12.11017125
Aug,2009,Region.XII,0,5.051191,18.69394122,11.76181826
Sep,2009,Region.XII,0,12.039004,14.18843101,9.479041301
Oct,2009,Region.XII,0,3.633663,18.01042035,11.4565531
Nov,2009,Region.XII,1,5.250843,11.09564241,11.08431394
Dec,2009,Region.XII,1,21.0433,15.19440228,10.96653639
Jan,2010,Region.XII,1,11.000884,3.783382644,11.85329511
Feb,2010,Region.XII,1,11.550928,6.87613219,11.56214027
Mar,2010,Region.XII,2,15.165504,13.29449829,14.72229769
Apr,2010,Region.XII,2,2.376977,4.14933106,12.1833087
May,2010,Region.XII,2,4.989687,6.682909872,10.99410726
Jun,2010,Region.XII,2,9.802573,13.84254118,13.40604023
Jul,2010,Region.XII,0,3.418132,14.16296488,9.620472442
Aug,2010,Region.XII,0,6.659464,15.16422225,8.579445501
Sep,2010,Region.XII,0,19.349769,17.72480175,10.14501898
Oct,2010,Region.XII,0,9.115018,15.45899336,8.139226625
Nov,2010,Region.XII,1,8.800707,5.346497489,12.94378067
Dec,2010,Region.XII,1,12.788528,5.981407998,11.98941023
Jan,2011,Region.XII,1,2.570169,8.994352137,14.82198085
Feb,2011,Region.XII,1,5.797375,16.4000933,14.49318739
Mar,2011,Region.XII,2,14.763981,12.45212936,14.09146311
Apr,2011,Region.XII,2,5.005067,18.27616701,7.651233675
May,2011,Region.XII,2,11.246907,15.90984383,10.26275612
Jun,2011,Region.XII,2,24.967361,3.001294708,9.059822857
Jul,2011,Region.XII,0,13.063418,18.01101447,11.25604057
Aug,2011,Region.XII,0,9.913511,3.722625739,14.71795109
Sep,2011,Region.XII,0,14.203568,15.31680778,7.227750327
Oct,2011,Region.XII,0,3.343153,8.461486235,9.798151637
Nov,2011,Region.XII,1,9.159852,19.60770125,13.79854124
Dec,2011,Region.XII,1,27.035091,5.998548838,12.72872765
Jan,2012,Region.XII,1,6.918781,9.046629475,10.27033371
Feb,2012,Region.XII,1,11.11947,4.722657848,14.19198115
Mar,2012,Region.XII,2,31.248563,19.93563743,12.61832788
Apr,2012,Region.XII,2,15.928404,19.88878298,9.298030418
May,2012,Region.XII,2,15.814358,12.19482689,11.79804667
Jun,2012,Region.XII,2,28.188332,12.77955554,11.75620356
Jul,2012,Region.XII,0,2.318932,13.24782453,8.238382916
Aug,2012,Region.XII,0,8.819546,19.83043917,13.80010162
Sep,2012,Region.XII,0,40.600322,15.73579733,7.239492104
Oct,2012,Region.XII,0,6.253514,11.66203809,12.63625998
Nov,2012,Region.XII,1,9.579851,10.54072379,9.612703386
Dec,2012,Region.XII,1,42.196964,6.783492616,11.81411428
Jan,2013,Region.XII,1,16.377741,4.428908593,7.717995465
Feb,2013,Region.XII,1,24.604004,18.22761527,10.65455272
Mar,2013,Region.XII,2,56.518163,19.9247323,8.998860865
Apr,2013,Region.XII,2,0.953499,15.68984497,7.389054604
May,2013,Region.XII,2,6.543618,16.64876375,12.03197015
Jun,2013,Region.XII,2,35.859027,8.208225307,9.459472964
Jul,2013,Region.XII,0,6.824059,18.86771623,10.23084112
Aug,2013,Region.XII,0,7.927126,6.052485996,9.47921225
Sep,2013,Region.XII,0,27.913205,12.56357553,7.280589708
Oct,2013,Region.XII,0,17.088191,7.439549086,7.738064368
Nov,2013,Region.XII,1,23.089623,11.19202544,8.030628609
Dec,2013,Region.XII,1,52.909825,14.28263416,10.32969919
Jan,2014,Region.XII,1,0.202326,6.599501161,7.450671118
Feb,2014,Region.XII,1,5.150112,14.87934333,8.554870833
Mar,2014,Region.XII,2,17.400021,11.25859686,8.001167467
Apr,2014,Region.XII,2,4.837427,8.339364789,11.61344037
May,2014,Region.XII,2,7.265337,10.54537728,7.902032714
Jun,2014,Region.XII,2,20.545268,15.14268217,14.75296179
Jul,2014,Region.XII,0,10.999168,5.537683376,10.12839774
Aug,2014,Region.XII,0,16.075707,10.30254013,8.249797501
Sep,2014,Region.XII,0,41.881446,11.45976595,8.064811473
Oct,2014,Region.XII,0,0.073573,12.83187653,8.437315595
Nov,2014,Region.XII,1,3.549899,8.516470325,7.393345852
Dec,2014,Region.XII,1,6.180134,14.97574167,9.403566176
Jan,2015,Region.XII,1,2.75141,9.885071084,8.114220467
Feb,2015,Region.XII,1,7.946507,16.99825524,8.773726675
Mar,2015,Region.XII,2,11.114249,18.36918302,14.4188171
Apr,2015,Region.XII,2,9.55753,17.00457764,11.1876882
May,2015,Region.XII,2,16.88859,11.27911339,10.16092259
Jun,2015,Region.XII,2,35.279594,13.56236853,10.29011984
Jul,2015,Region.XII,0,0.072406,8.943026176,10.33033871
Aug,2015,Region.XII,0,2.35318,14.92358027,8.652003648
Sep,2015,Region.XII,0,3.52977,4.67977331,8.59921615
Oct,2015,Region.XII,0,1.737733,11.16909752,12.36336821
Nov,2015,Region.XII,1,6.082064,18.93459958,11.76034493
Dec,2015,Region.XII,1,8.923981,14.68953528,14.68031298
Jan,2016,Region.XII,1,8.357762,9.149070346,9.053338249
Feb,2016,Region.XII,1,15.325534,11.44217643,14.67124401
Mar,2016,Region.XII,2,32.540029,9.300046884,14.95303667
Apr,2016,Region.XII,2,0.01782,9.841738659,11.90926969
May,2016,Region.XII,2,2.174087,11.78906873,7.345138978
Jun,2016,Region.XII,2,2.102806,10.21482957,12.83184486
Jul,2016,Region.XII,0,1.621655,7.101684356,10.19645251
Aug,2016,Region.XII,0,6.272777,5.258950548,11.29948229
Sep,2016,Region.XII,0,9.925956,16.79116981,11.29599054
Oct,2016,Region.XII,0,5.702524,18.12214317,12.95096336
Nov,2016,Region.XII,1,17.927311,18.12876006,13.88685937
Dec,2016,Region.XII,1,26.445456,5.318810853,7.549348282
Jan,2008,ARMM,1,0.682832,5.642186102,7.656295059
Feb,2008,ARMM,1,0.707219,16.79230839,14.02167875
Mar,2008,ARMM,2,1.390052,8.838513151,11.09081524
Apr,2008,ARMM,2,0.999862,4.727738513,11.1588242
May,2008,ARMM,2,0.804767,14.51716875,9.35073077
Jun,2008,ARMM,2,0.85354,11.6188733,8.568795184
Jul,2008,ARMM,0,1.121796,3.992952162,7.11494037
Aug,2008,ARMM,0,1.999723,5.126195522,10.99663107
Sep,2008,ARMM,0,3.170293,4.449412169,12.91575112
Oct,2008,ARMM,0,0.829154,4.816972518,10.80983322
Nov,2008,ARMM,1,0.585285,3.179867582,13.62091071
Dec,2008,ARMM,1,1.365665,8.118934566,7.157192127
Jan,2009,ARMM,1,0.839944,17.43302195,8.004222049
Feb,2009,ARMM,1,0.911939,18.83278411,12.23403898
Mar,2009,ARMM,2,0.59996,8.123798231,7.611665888
Apr,2009,ARMM,2,1.439904,9.425622792,13.52992463
May,2009,ARMM,2,2.159856,12.38330179,9.598542531
Jun,2009,ARMM,2,2.615826,14.58241472,9.46203823
Jul,2009,ARMM,0,0.45597,4.938226993,11.30825766
Aug,2009,ARMM,0,0.479968,11.37763836,10.3968817
Sep,2009,ARMM,0,1.79988,14.52494114,10.58804683
Oct,2009,ARMM,0,0.623958,19.47329215,9.654311067
Nov,2009,ARMM,1,0.551963,15.52580608,12.00021539
Dec,2009,ARMM,1,0.575962,10.25050041,12.15691648
Jan,2010,ARMM,1,0.920902,15.81904565,10.46852294
Feb,2010,ARMM,1,2.077932,4.664670163,7.600863677
Mar,2010,ARMM,2,2.621028,3.128445959,10.34311591
Apr,2010,ARMM,2,0.708386,13.40439993,14.10361213
May,2010,ARMM,2,0.306967,17.39869068,14.343442
Jun,2010,ARMM,2,1.416772,11.8175584,10.98809951
Jul,2010,ARMM,0,0.425032,14.25597405,14.22657264
Aug,2010,ARMM,0,1.180643,14.52214926,11.04080674
Sep,2010,ARMM,0,1.015353,5.471179542,11.26665461
Oct,2010,ARMM,0,1.416772,4.179009403,13.73713295
Nov,2010,ARMM,1,1.723739,18.34542971,10.68684513
Dec,2010,ARMM,1,3.046059,9.833205805,12.88951586
Jan,2011,ARMM,1,0.882679,8.629526167,14.40107236
Feb,2011,ARMM,1,0.696852,15.04225653,7.25743104
Mar,2011,ARMM,2,2.717723,17.98735674,9.07049727
Apr,2011,ARMM,2,0.58071,15.81449218,8.285080888
May,2011,ARMM,2,1.509846,3.075809564,7.708145748
Jun,2011,ARMM,2,1.254334,3.534528892,12.75933733
Jul,2011,ARMM,0,2.485439,10.46207058,11.61054975
Aug,2011,ARMM,0,1.509846,5.862717349,9.374030957
Sep,2011,ARMM,0,3.553945,19.3773018,13.43623157
Oct,2011,ARMM,0,0.650395,9.006877537,10.25647672
Nov,2011,ARMM,1,1.207877,11.33743363,13.5228432
Dec,2011,ARMM,1,4.413396,19.52410488,9.541396349
Jan,2012,ARMM,1,0.548338,8.901799945,9.046471154
Feb,2012,ARMM,1,2.239049,16.45700914,11.28603446
Mar,2012,ARMM,2,1.233761,17.33799316,14.23123286
Apr,2012,ARMM,2,3.609895,8.266146414,12.14878882
May,2012,ARMM,2,2.513218,11.640798,12.21734308
Jun,2012,ARMM,2,7.539653,18.49810041,13.63545078
Jul,2012,ARMM,0,0.845355,4.521091339,13.47546239
Aug,2012,ARMM,0,1.622168,16.16029733,10.53341173
Sep,2012,ARMM,0,4.912198,19.27390797,10.26832462
Oct,2012,ARMM,0,0.479796,7.59598411,13.39569533
Nov,2012,ARMM,1,3.678437,18.5926393,12.21829042
Dec,2012,ARMM,1,1.005287,11.80312172,14.96579491
Jan,2013,ARMM,1,4.96651,19.16044016,12.99359272
Feb,2013,ARMM,1,3.393407,5.449033683,7.234878768
Mar,2013,ARMM,2,9.416143,7.856445623,10.48873927
Apr,2013,ARMM,2,0.314621,19.18280265,8.868212128
May,2013,ARMM,2,0.809024,7.605519465,14.42329513
Jun,2013,ARMM,2,1.056226,15.13516725,8.7754812
Jul,2013,ARMM,0,0.651714,15.24535318,9.311024369
Aug,2013,ARMM,0,6.247465,13.79571284,12.02009993
Sep,2013,ARMM,0,0.741606,18.63550821,14.74054606
Oct,2013,ARMM,0,5.595751,14.51440684,12.00274933
Nov,2013,ARMM,1,2.022561,19.46278332,14.99935414
Dec,2013,ARMM,1,7.955405,10.61957713,14.03364207
Jan,2014,ARMM,1,0.397961,4.415061272,9.22790158
Feb,2014,ARMM,1,1.2381,18.35247619,13.21795402
Mar,2014,ARMM,2,0.729595,6.534799934,9.833018774
Apr,2014,ARMM,2,0.176871,14.66184212,8.174177286
May,2014,ARMM,2,5.858868,8.968795474,14.38732883
Jun,2014,ARMM,2,0.464288,12.1603563,8.56891178
Jul,2014,ARMM,0,3.869064,14.17648166,14.46980915
Aug,2014,ARMM,0,1.835042,15.66028407,9.290607685
Sep,2014,ARMM,0,5.549343,5.57682966,9.3937362
Oct,2014,ARMM,0,0.110545,3.141794806,9.973657669
Nov,2014,ARMM,1,0.729595,15.78737438,10.40908779
Dec,2014,ARMM,1,0.795922,14.46321968,8.689407573
Jan,2015,ARMM,1,0.413404,19.15780918,9.009381032
Feb,2015,ARMM,1,3.698876,19.01655813,8.393265297
Mar,2015,ARMM,2,0.369888,6.070152177,12.96729763
Apr,2015,ARMM,2,2.502181,13.74621123,14.54644774
May,2015,ARMM,2,2.045261,6.401359814,9.338681634
Jun,2015,ARMM,2,3.720634,19.40314107,14.99673686
Jul,2015,ARMM,0,0.065274,14.60695018,10.2383119
Aug,2015,ARMM,0,0.674501,6.224995382,9.86499234
Sep,2015,ARMM,0,0.56571,18.02843658,13.31119377
Oct,2015,ARMM,0,0.413404,14.11847171,7.468472977
Nov,2015,ARMM,1,3.698876,4.9821892,11.22276638
Dec,2015,ARMM,1,0.522194,3.253351262,12.60433687
Jan,2016,ARMM,1,3.491515,13.88255513,14.5516609
Feb,2016,ARMM,1,1.90641,9.210436662,9.965020208
Mar,2016,ARMM,2,4.155545,19.60204385,11.36775288
Apr,2016,ARMM,2,0.192783,12.19997961,13.15171121
May,2016,ARMM,2,0.235624,4.133629182,11.1980117
Jun,2016,ARMM,2,0.385566,17.9188305,13.3670167
Jul,2016,ARMM,0,0.299885,5.086951823,7.006441985
Aug,2016,ARMM,0,2.313396,14.63814841,7.962033212
Sep,2016,ARMM,0,0.535508,13.66231148,13.55069208
Oct,2016,ARMM,0,2.313396,17.24623979,9.907719847
Nov,2016,ARMM,1,2.270556,7.353044119,11.11814069
Dec,2016,ARMM,1,3.427254,12.59443448,13.87640174
Jan,2008,CAR,1,2.998891,4.21344285,14.51118364
Feb,2008,CAR,1,3.427304,8.478465306,12.37580401
Mar,2008,CAR,2,4.391233,14.11555621,9.401845286
Apr,2008,CAR,2,6.640401,15.04092422,13.04101123
May,2008,CAR,2,11.888461,4.460020519,9.947428855
Jun,2008,CAR,2,12.477528,18.20111407,8.502298465
Jul,2008,CAR,0,10.817428,12.67948793,8.856354535
Aug,2008,CAR,0,10.335463,13.30003089,10.32476236
Sep,2008,CAR,0,31.64901,19.38957664,8.1954779
Oct,2008,CAR,0,2.62403,16.6899081,12.88053006
Nov,2008,CAR,1,1.98141,5.538148686,8.840897734
Dec,2008,CAR,1,4.819646,19.32434056,11.42870763
Jan,2009,CAR,1,5.902239,6.323320652,9.909562813
Feb,2009,CAR,1,6.060335,11.59694772,13.75810928
Mar,2009,CAR,2,9.485741,6.956960287,9.824247165
Apr,2009,CAR,2,7.588593,14.36851929,11.6659712
May,2009,CAR,2,6.745416,9.602346112,10.16015575
Jun,2009,CAR,2,17.97021,4.102268766,9.637060165
Jul,2009,CAR,0,2.793024,10.4717824,12.48964294
Aug,2009,CAR,0,2.002545,15.04261978,13.12749106
Sep,2009,CAR,0,4.690172,12.4872485,13.85133111
Oct,2009,CAR,0,4.584775,19.94175178,9.154469354
Nov,2009,CAR,1,4.742871,10.32061746,13.08659988
Dec,2009,CAR,1,6.165732,5.387186141,12.86828488
Jan,2010,CAR,1,4.511119,7.540155008,9.037780163
Feb,2010,CAR,1,4.718527,18.86567518,9.936737381
Mar,2010,CAR,2,11.614835,9.656603061,11.65536565
Apr,2010,CAR,2,1.296299,8.46857985,10.01602483
May,2010,CAR,2,2.177782,6.300748504,14.5698435
Jun,2010,CAR,2,3.422228,12.47031339,14.01019983
Jul,2010,CAR,0,3.525932,4.953694448,9.476482131
Aug,2010,CAR,0,4.303711,19.648988,14.04664601
Sep,2010,CAR,0,7.46668,12.36174329,11.47233323
Oct,2010,CAR,0,3.525932,3.316605092,12.44161831
Nov,2010,CAR,1,5.392602,18.58740179,12.15320325
Dec,2010,CAR,1,13.481505,17.20275015,10.91170013
Jan,2011,CAR,1,1.428216,10.7987378,10.08883976
Feb,2011,CAR,1,2.193331,18.53877897,7.154020115
Mar,2011,CAR,2,8.722318,5.524937883,9.637536313
Apr,2011,CAR,2,3.468524,10.46781543,8.581494383
May,2011,CAR,2,9.232395,13.47471417,14.65056204
Jun,2011,CAR,2,17.342621,15.00894901,7.410238246
Jul,2011,CAR,0,7.498133,8.325594335,13.44705075
Aug,2011,CAR,0,8.518287,4.301286845,13.66757574
Sep,2011,CAR,0,26.473001,19.9823388,10.21902297
Oct,2011,CAR,0,4.23364,17.9866036,13.01302588
Nov,2011,CAR,1,8.263249,3.088587061,10.09953314
Dec,2011,CAR,1,27.544162,14.86097754,11.38845434
Jan,2012,CAR,1,16.857501,7.186198765,12.95837753
Feb,2012,CAR,1,32.661408,16.56626592,14.68548097
Mar,2012,CAR,2,79.471076,7.51138279,13.8842427
Apr,2012,CAR,2,7.124301,12.5063239,11.66757868
May,2012,CAR,2,41.842726,8.723972308,9.611183086
Jun,2012,CAR,2,80.123301,13.82131805,13.66670661
Jul,2012,CAR,0,6.62259,8.737470138,14.32496218
Aug,2012,CAR,0,16.405961,12.82263036,14.22925355
Sep,2012,CAR,0,67.480175,15.3288696,9.973328912
Oct,2012,CAR,0,39.83588,17.99889246,8.937055703
Nov,2012,CAR,1,65.573672,12.3709779,7.681344845
Dec,2012,CAR,1,106.21229,9.250750421,9.221862163
Jan,2013,CAR,1,15.59418,16.36865099,12.78190601
Feb,2013,CAR,1,80.586381,15.12966159,8.125338743
Mar,2013,CAR,2,124.161258,5.906848157,12.86739918
Apr,2013,CAR,2,5.724446,15.61348826,7.277643334
May,2013,CAR,2,23.095178,5.324659432,14.58121361
Jun,2013,CAR,2,107.826847,19.80271365,12.46536419
Jul,2013,CAR,0,74.023007,3.177949663,13.80222371
Aug,2013,CAR,0,66.916799,6.408372481,11.28963531
Sep,2013,CAR,0,83.053814,9.183792824,11.32108712
Oct,2013,CAR,0,17.46943,10.76884328,11.3340747
Nov,2013,CAR,1,109.109913,3.434506582,8.390724314
Dec,2013,CAR,1,114.883707,14.41442371,14.24831285
Jan,2014,CAR,1,2.57312,12.38366552,9.01656048
Feb,2014,CAR,1,19.516875,17.7624311,14.19862926
Mar,2014,CAR,2,51.559505,16.5776418,8.708228189
Apr,2014,CAR,2,45.442276,14.64430165,13.68737515
May,2014,CAR,2,44.908232,13.32776529,8.184308976
Jun,2014,CAR,2,50.151571,8.834273313,10.62189625
Jul,2014,CAR,0,17.526348,8.632259412,9.906764682
Aug,2014,CAR,0,89.913563,15.16871693,11.20217701
Sep,2014,CAR,0,58.404976,16.24097023,10.50576338
Oct,2014,CAR,0,0.048549,15.4513347,12.52531243
Nov,2014,CAR,1,7.622262,4.865202784,12.03322312
Dec,2014,CAR,1,20.050919,8.420152305,8.325634502
Jan,2015,CAR,1,13.760357,18.18991877,10.32358594
Feb,2015,CAR,1,20.927209,13.24358929,12.73717965
Mar,2015,CAR,2,33.158637,15.00165761,12.628765
Apr,2015,CAR,2,12.183649,5.095542113,11.43782265
May,2015,CAR,2,72.002978,5.250909311,7.500625963
Jun,2015,CAR,2,27.18626,12.0582004,11.44866746
Jul,2015,CAR,0,0,8.898470344,7.6057482
Aug,2015,CAR,0,3.057857,3.107951876,11.43110885
Sep,2015,CAR,0,8.456886,16.41505342,9.103031651
Oct,2015,CAR,0,12.183649,13.6363036,9.540120001
Nov,2015,CAR,1,11.036953,10.04303397,7.234335641
Dec,2015,CAR,1,21.83501,6.832935993,7.188292703
Jan,2016,CAR,1,14.581579,14.0172504,8.721621803
Feb,2016,CAR,1,44.59141,9.772181525,13.3119451
Mar,2016,CAR,2,10.677479,18.45145529,8.988931802
Apr,2016,CAR,2,0,17.13132266,7.516623908
May,2016,CAR,2,2.116681,15.68298052,13.72597237
Jun,2016,CAR,2,3.621876,9.367926279,12.16440438
Jul,2016,CAR,0,5.973744,7.046240159,11.58592163
Aug,2016,CAR,0,7.149678,6.354929645,7.455012207
Sep,2016,CAR,0,6.39708,5.419956294,14.15442375
Oct,2016,CAR,0,9.219321,16.22432308,11.63312845
Nov,2016,CAR,1,34.572454,3.535255725,8.60084631
Dec,2016,CAR,1,5.597445,19.852347,12.0811293
Jan,2008,CARAGA,1,2.769993,4.379998621,11.65507122
Feb,2008,CARAGA,1,2.947556,8.753998439,7.949046193
Mar,2008,CARAGA,2,13.992014,4.899845806,13.95621284
Apr,2008,CARAGA,2,5.113832,4.888268124,9.313495412
May,2008,CARAGA,2,5.291396,19.37832199,12.73082116
Jun,2008,CARAGA,2,13.352785,5.092304706,12.35945909
Jul,2008,CARAGA,0,16.690981,10.48184559,13.97464877
Aug,2008,CARAGA,0,18.715206,4.81371912,8.823305523
Sep,2008,CARAGA,0,40.484507,12.48588285,10.73577244
Oct,2008,CARAGA,0,1.811149,4.97837238,10.00084807
Nov,2008,CARAGA,1,1.882174,17.25038245,11.14577274
Dec,2008,CARAGA,1,10.369716,4.691429685,11.29798544
Jan,2009,CARAGA,1,3.774279,19.77640882,11.96309458
Feb,2009,CARAGA,1,3.914067,9.779115806,8.046309506
Mar,2009,CARAGA,2,12.895452,13.69228952,13.44575639
Apr,2009,CARAGA,2,12.580929,14.69474109,14.34322514
May,2009,CARAGA,2,13.175028,18.8858212,8.285056009
Jun,2009,CARAGA,2,25.860798,14.48581713,10.14877364
Jul,2009,CARAGA,0,1.572616,6.358739348,9.833404903
Aug,2009,CARAGA,0,3.075338,16.84712519,10.8389892
Sep,2009,CARAGA,0,9.50559,5.811875362,13.48823758
Oct,2009,CARAGA,0,2.690921,4.41241198,7.111791437
Nov,2009,CARAGA,1,3.949014,5.490205615,9.640891517
Dec,2009,CARAGA,1,12.371246,14.11721179,12.00544226
Jan,2010,CARAGA,1,11.656715,18.80857396,10.13064373
Feb,2010,CARAGA,1,8.974639,6.850164284,11.83484053
Mar,2010,CARAGA,2,20.356269,8.550540377,11.99434332
Apr,2010,CARAGA,2,1.47858,16.24496827,9.176194745
May,2010,CARAGA,2,2.063135,13.38283411,11.86211526
Jun,2010,CARAGA,2,6.670804,10.19314012,10.91202327
Jul,2010,CARAGA,0,3.060317,17.06538226,11.7091385
Aug,2010,CARAGA,0,2.406991,19.84802316,9.974948246
Sep,2010,CARAGA,0,8.286927,19.33817283,14.62061088
Oct,2010,CARAGA,0,15.370359,14.65991037,7.945540556
Nov,2010,CARAGA,1,5.742393,15.50341819,9.100233794
Dec,2010,CARAGA,1,15.43913,5.94584604,8.28578987
Jan,2011,CARAGA,1,0.980946,14.12475756,14.00037767
Feb,2011,CARAGA,1,3.247269,17.17625021,10.05310745
Mar,2011,CARAGA,2,5.716547,14.38606296,12.70393406
Apr,2011,CARAGA,2,1.826589,13.91569279,13.69436149
May,2011,CARAGA,2,3.687004,7.89737374,13.21628178
Jun,2011,CARAGA,2,9.065294,17.06705676,8.167824448
Jul,2011,CARAGA,0,23.441226,13.1544238,9.136151962
Aug,2011,CARAGA,0,6.79897,17.31152769,13.76743709
Sep,2011,CARAGA,0,17.014339,19.33895265,11.88101538
Oct,2011,CARAGA,0,1.623635,7.986630079,10.17277775
Nov,2011,CARAGA,1,3.111967,6.393000319,13.94577563
Dec,2011,CARAGA,1,9.369725,19.55920069,9.996969268
Jan,2012,CARAGA,1,2.328967,10.38901296,7.063378674
Feb,2012,CARAGA,1,5.855687,3.755351483,13.3410234
Mar,2012,CARAGA,2,10.912872,9.620131261,9.758533578
Apr,2012,CARAGA,2,32.239551,15.14722883,10.94164494
May,2012,CARAGA,2,8.983157,13.46004579,7.681787151
Jun,2012,CARAGA,2,23.622375,5.254225472,14.93841659
Jul,2012,CARAGA,0,1.696818,17.13859731,10.83655397
Aug,2012,CARAGA,0,3.16074,4.053655293,11.95720679
Sep,2012,CARAGA,0,10.813059,14.37082588,7.046985101
Oct,2012,CARAGA,0,4.059056,8.268723595,13.99368051
Nov,2012,CARAGA,1,10.313995,5.751450005,10.57113542
Dec,2012,CARAGA,1,9.81493,13.18441278,12.88672012
Jan,2013,CARAGA,1,41.986872,9.878181049,12.81997911
Feb,2013,CARAGA,1,14.595592,13.96650631,7.983455837
Mar,2013,CARAGA,2,25.165943,14.33504715,11.59459332
Apr,2013,CARAGA,2,1.210845,9.560874104,13.49075547
May,2013,CARAGA,2,5.170636,13.55737666,9.062065629
Jun,2013,CARAGA,2,11.781196,9.7463424,12.04400416
Jul,2013,CARAGA,0,3.828889,10.27111812,7.197620073
Aug,2013,CARAGA,0,11.944823,9.769536532,8.438010613
Sep,2013,CARAGA,0,10.635802,3.119051246,10.16058883
Oct,2013,CARAGA,0,49.448296,15.82393699,9.174686773
Nov,2013,CARAGA,1,18.424481,13.40159921,7.862290395
Dec,2013,CARAGA,1,31.351071,19.68511872,9.515709136
Jan,2014,CARAGA,1,1.609777,15.59424839,7.855400675
Feb,2014,CARAGA,1,5.280067,15.20463747,7.09129506
Mar,2014,CARAGA,2,11.719174,8.990313706,11.67921954
Apr,2014,CARAGA,2,3.058576,16.54720941,12.52421278
May,2014,CARAGA,2,9.94842,16.66201876,11.60309056
Jun,2014,CARAGA,2,8.918162,17.13928776,13.53908012
Jul,2014,CARAGA,0,23.309566,16.8586158,12.04775213
Aug,2014,CARAGA,0,24.565191,6.872360101,9.936957059
Sep,2014,CARAGA,0,22.762241,11.61643105,11.99934978
Oct,2014,CARAGA,0,2.189296,12.0820127,10.47666034
Nov,2014,CARAGA,1,6.084956,19.21965975,11.87981765
Dec,2014,CARAGA,1,7.469364,11.71256167,14.29144765
Jan,2015,CARAGA,1,3.168463,17.71470551,12.03461555
Feb,2015,CARAGA,1,10.550983,10.8957893,12.93479143
Mar,2015,CARAGA,2,7.604312,11.64247993,7.729932323
Apr,2015,CARAGA,2,21.545551,16.75946695,11.05250737
May,2015,CARAGA,2,28.516171,5.54046153,14.81442734
Jun,2015,CARAGA,2,19.390996,5.826086505,14.69982524
Jul,2015,CARAGA,0,3.580364,4.356482675,8.321067817
Aug,2015,CARAGA,0,4.435849,14.92622537,10.35436585
Sep,2015,CARAGA,0,4.404164,15.65448191,8.34215848
Oct,2015,CARAGA,0,3.073409,13.18925758,10.03531523
Nov,2015,CARAGA,1,10.487614,18.03566545,9.358764424
Dec,2015,CARAGA,1,5.069541,19.89642769,8.740684067
Jan,2016,CARAGA,1,20.992741,3.111184379,10.69073538
Feb,2016,CARAGA,1,31.130395,6.52541661,10.36427924
Mar,2016,CARAGA,2,20.150536,18.01626469,12.02723297
Apr,2016,CARAGA,2,1.559639,3.316208517,14.91346322
May,2016,CARAGA,2,10.293618,7.287585882,10.44951214
Jun,2016,CARAGA,2,3.36882,14.38624204,10.07220401
Jul,2016,CARAGA,0,4.211025,13.01944327,10.63776187
Aug,2016,CARAGA,0,10.823895,10.24721768,8.673844512
Sep,2016,CARAGA,0,11.229401,10.31552031,9.463442271
Oct,2016,CARAGA,0,14.629414,8.112606879,8.086415975
Nov,2016,CARAGA,1,38.304735,10.78600265,9.462045578
Dec,2016,CARAGA,1,15.346848,15.16952323,7.872775657
Jan,2008,NCR,1,12.037927,7.558980079,11.13556083
Feb,2008,NCR,1,6.065511,4.159463445,14.56601242
Mar,2008,NCR,2,8.500309,5.143860986,12.25246752
Apr,2008,NCR,2,21.641057,16.72530085,14.64507764
May,2008,NCR,2,16.255857,5.790093875,10.54599614
Jun,2008,NCR,2,9.35965,9.16175215,7.962723678
Jul,2008,NCR,0,7.991866,19.29921855,12.3869161
Aug,2008,NCR,0,11.13562,6.29884513,13.99036965
Sep,2008,NCR,0,9.30236,13.25476041,10.13538461
Oct,2008,NCR,0,8.571921,11.07375869,10.29703108
Nov,2008,NCR,1,4.189285,11.65378888,9.588635567
Dec,2008,NCR,1,4.22509,5.311933435,9.255936445
Jan,2009,NCR,1,13.777076,12.2211181,7.076879573
Feb,2009,NCR,1,12.642493,16.50450774,7.163708995
Mar,2009,NCR,2,7.075286,3.317253165,10.72117331
Apr,2009,NCR,2,3.699726,3.130906634,10.08461674
May,2009,NCR,2,8.301481,18.56013192,7.570877363
Jun,2009,NCR,2,7.448782,11.26425582,14.77042248
Jul,2009,NCR,0,4.968204,6.17917776,12.85073064
Aug,2009,NCR,0,3.016158,4.933556298,12.45486003
Sep,2009,NCR,0,3.213477,19.90855648,8.7617425
Oct,2009,NCR,0,10.274668,15.82158139,9.332529711
Nov,2009,NCR,1,11.733418,7.270398318,14.18556947
Dec,2009,NCR,1,5.440359,16.74977122,7.456590273
Jan,2010,NCR,1,1.941487,5.288739304,13.86706006
Feb,2010,NCR,1,4.957727,19.63825116,12.58604099
Mar,2010,NCR,2,5.352958,12.44179311,10.12957385
Apr,2010,NCR,2,3.473876,9.698107401,11.41275086
May,2010,NCR,2,2.14257,13.39480744,8.893792094
Jun,2010,NCR,2,2.295116,19.18081134,7.760785076
Jul,2010,NCR,0,6.261297,6.881402191,14.3859551
Aug,2010,NCR,0,8.632685,9.334084433,12.78016935
Sep,2010,NCR,0,4.65957,17.74389431,14.012376
Oct,2010,NCR,0,1.220364,19.53339471,14.6970098
Nov,2010,NCR,1,3.238124,3.6340753,13.90632133
Dec,2010,NCR,1,2.946901,3.913276764,11.64731748
Jan,2011,NCR,1,2.946666,11.46101973,13.30713254
Feb,2011,NCR,1,3.505987,3.35122614,8.942996414
Mar,2011,NCR,2,2.07358,8.265336797,9.836939302
Apr,2011,NCR,2,4.099413,3.431983355,13.83033142
May,2011,NCR,2,11.350122,15.33661288,12.64692777
Jun,2011,NCR,2,4.815616,10.41865223,9.845103083
Jul,2011,NCR,0,1.070895,9.103862103,12.14710085
Aug,2011,NCR,0,2.97395,7.122511212,9.19732776
Sep,2011,NCR,0,2.435092,4.573048935,9.068386718
Oct,2011,NCR,0,6.227561,4.617092984,10.12549755
Nov,2011,NCR,1,6.98469,16.78149365,12.45427531
Dec,2011,NCR,1,2.271388,14.12034805,7.669255278
Jan,2012,NCR,1,7.380028,12.54351095,10.25105914
Feb,2012,NCR,1,17.369902,5.788157358,9.923958609
Mar,2012,NCR,2,8.72856,5.868009703,10.84172247
Apr,2012,NCR,2,0.919149,4.998868095,12.35996313
May,2012,NCR,2,4.756763,13.72895056,10.28327199
Jun,2012,NCR,2,3.233794,10.7847583,14.90872009
Jul,2012,NCR,0,10.010001,13.84870289,10.61497053
Aug,2012,NCR,0,10.848641,5.625327101,8.171971195
Sep,2012,NCR,0,10.291784,11.15568889,7.619157962
Oct,2012,NCR,0,15.404131,13.10327887,14.45788042
Nov,2012,NCR,1,34.142692,15.3841532,14.73274232
Dec,2012,NCR,1,22.274266,13.76876133,9.014843175
Jan,2013,NCR,1,2.580261,17.67435356,12.31783908
Feb,2013,NCR,1,12.439368,14.50506648,7.655871757
Mar,2013,NCR,2,9.22559,5.810444856,13.75574809
Apr,2013,NCR,2,13.574419,13.123324,10.14554845
May,2013,NCR,2,11.687067,13.45942234,12.40687716
Jun,2013,NCR,2,31.504267,8.779545526,9.24827524
Jul,2013,NCR,0,37.535875,9.357933399,11.82342128
Aug,2013,NCR,0,39.990753,12.99597656,9.473195562
Sep,2013,NCR,0,25.22849,10.49567894,7.876971761
Oct,2013,NCR,0,5.800639,4.478142452,7.732424394
Nov,2013,NCR,1,22.140095,5.679387735,10.27009964
Dec,2013,NCR,1,17.335926,6.086470546,9.675123634
Jan,2014,NCR,1,12.211935,12.69433317,8.724708703
Feb,2014,NCR,1,11.608155,17.51819849,7.18154556
Mar,2014,NCR,2,43.712366,19.14096212,11.46041644
Apr,2014,NCR,2,31.636768,15.9501398,11.66191417
May,2014,NCR,2,33.149464,17.49641263,7.98334497
Jun,2014,NCR,2,24.534239,10.39737645,11.17481099
Jul,2014,NCR,0,6.862316,10.84515064,14.81155619
Aug,2014,NCR,0,37.557706,3.564274929,13.51485304
Sep,2014,NCR,0,17.990044,14.63139139,8.912173048
Oct,2014,NCR,0,9.115129,19.42403413,10.86771401
Nov,2014,NCR,1,12.075598,10.7567993,13.77935007
Dec,2014,NCR,1,27.721937,16.5700013,10.68856192
Jan,2015,NCR,1,19.301873,12.27484067,12.79751056
Feb,2015,NCR,1,27.026455,5.723233778,8.219620237
Mar,2015,NCR,2,19.23798,5.548575875,9.545660261
Apr,2015,NCR,2,8.970483,11.58193989,8.040501794
May,2015,NCR,2,38.616524,14.4509439,9.353378839
Jun,2015,NCR,2,14.66329,18.42678564,9.706422117
Jul,2015,NCR,0,7.91626,16.76465586,11.11888962
Aug,2015,NCR,0,7.277336,11.81572168,12.17806144
Sep,2015,NCR,0,19.953575,18.54335525,11.23019142
Oct,2015,NCR,0,11.845638,17.12184146,10.87803631
Nov,2015,NCR,1,15.806962,7.575348482,8.778831594
Dec,2015,NCR,1,13.851857,5.516946261,10.13912596
Jan,2016,NCR,1,9.196055,11.4421063,11.30882915
Feb,2016,NCR,1,21.864219,14.47403526,13.75631728
Mar,2016,NCR,2,13.674572,8.089730147,12.18831034
Apr,2016,NCR,2,4.132564,16.3131063,14.02122053
May,2016,NCR,2,5.541535,16.88409572,10.07658634
Jun,2016,NCR,2,0.05661,18.39409776,11.81017514
Jul,2016,NCR,0,7.982075,4.100628476,10.46305208
Aug,2016,NCR,0,10.126983,14.95308033,13.26962275
Sep,2016,NCR,0,9.900541,12.74090446,7.084265906
Oct,2016,NCR,0,8.460119,4.773597057,14.74887867
Nov,2016,NCR,1,7.541772,14.02743005,9.41375883
Dec,2016,NCR,1,7.831114,16.45483323,8.038866301
